row_id,request_count,peak_1s_requests,interarrival_cv,unique_path_ratio,dominant_route_ratio,post_ratio,login_ratio,login_failure_ratio,backend_404_ratio,backend_5xx_ratio,mean_request_body_bytes,p95_upstream_duration_ms
1,1.0,1.0,,1.0,1.0,0.0,0.0,0.0,0.0,0.0,0.0,310.0
2,9.0,2.0,0.5133305268113072,0.6666666666666666,0.5555555555555556,0.0,0.0,0.0,0.2222222222222222,0.0,0.0,73.0
3,13.0,2.0,0.5652650576204504,0.7692307692307693,0.6153846153846154,0.0,0.0,0.0,0.46153846153846156,0.0,0.0,71.0
4,11.0,2.0,0.5424148057802856,1.0,0.9090909090909091,0.0,0.0,0.0,0.6363636363636364,0.0,0.0,69.0
5,12.0,2.0,0.49392853334747955,1.0,0.9166666666666666,0.0,0.0,0.0,0.6666666666666666,0.0,0.0,69.0
6,7.0,1.0,0.5595576207892216,0.5714285714285714,0.5714285714285714,0.5714285714285714,0.5714285714285714,1.0,0.2857142857142857,0.0,32.285714285714285,42.0
7,9.0,1.0,0.4347963992809541,0.5555555555555556,0.4444444444444444,0.4444444444444444,0.4444444444444444,1.0,0.2222222222222222,0.0,25.11111111111111,300.0
8,6.0,2.0,0.5109227303963547,1.0,0.8333333333333334,0.0,0.0,0.0,0.8333333333333334,0.0,0.0,103.0
9,7.0,2.0,0.5710370666181693,1.0,0.8571428571428571,0.0,0.0,0.0,0.42857142857142855,0.0,0.0,314.0
10,13.0,2.0,0.3832942847488925,0.15384615384615385,0.9230769230769231,0.0,0.0,0.0,0.0,0.0,0.0,71.0
11,8.0,2.0,0.409405640279878,0.25,0.875,0.875,0.875,1.0,0.0,0.0,47.0,104.0
12,6.0,2.0,0.4998688134618284,0.6666666666666666,0.3333333333333333,0.0,0.0,0.0,0.0,0.0,0.0,106.0
13,14.0,2.0,0.47531360213903184,0.14285714285714285,0.9285714285714286,0.0,0.0,0.0,0.0,0.0,0.0,71.0
14,7.0,2.0,0.4462173558371671,0.14285714285714285,1.0,0.0,0.0,0.0,0.0,0.0,0.0,46.0
15,114.0,3.0,0.3675180404476198,0.017543859649122806,0.9912280701754386,0.9912280701754386,0.9912280701754386,1.0,0.0,0.0,48.63636363636363,104.0
16,1075.0,30.0,0.7250504558966192,0.0018604651162790699,0.9990697674418605,0.0,0.0,0.0,0.0,0.0,0.0,5.0
17,89.0,3.0,0.3670509307253369,0.11235955056179775,0.4943820224719101,0.0,0.0,0.0,0.5833333333333334,0.0,0.0,9.0
18,49.0,2.0,0.4085864372794764,0.04081632653061224,0.9795918367346939,0.0,0.0,0.0,0.0,0.2857142857142857,0.0,103.0
19,68.0,2.0,0.33883796854361414,0.25,0.9852941176470589,0.0,0.0,0.0,0.9411764705882353,0.0,0.0,103.0
20,7.0,2.0,0.44614166949645795,0.14285714285714285,1.0,0.0,0.0,0.0,0.0,0.0,0.0,41.0
21,5.0,2.0,0.6337561511526754,0.4,0.8,0.0,0.0,0.0,0.0,0.0,0.0,69.0
22,13.0,4.0,1.4177943255032022,0.15384615384615385,0.9230769230769231,0.0,0.0,0.0,0.0,0.0,0.0,69.0
23,2.0,1.0,,1.0,0.5,0.0,0.0,0.0,0.0,0.0,0.0,5.0
24,2.0,1.0,,1.0,0.5,0.0,0.0,0.0,0.0,0.0,0.0,3.0
25,2.0,1.0,,1.0,0.5,0.0,0.0,0.0,0.0,0.0,0.0,4.0
26,2.0,1.0,,1.0,0.5,0.0,0.0,0.0,0.0,0.0,0.0,2.0
27,8.0,1.0,0.3965334497570587,0.75,0.625,0.0,0.0,0.0,0.25,0.0,0.0,10.0
28,13.0,1.0,0.40819388425824105,0.7692307692307693,0.7692307692307693,0.0,0.0,0.0,0.46153846153846156,0.0,0.0,14.0
29,8.0,1.0,0.36532883282946416,1.0,0.875,0.125,0.125,1.0,0.625,0.0,7.25,7.0
30,11.0,1.0,0.5061583569093702,1.0,0.9090909090909091,0.09090909090909091,0.09090909090909091,1.0,0.5454545454545454,0.0,5.2727272727272725,21.0
31,7.0,1.0,0.19585511365652322,0.8571428571428571,1.0,0.0,0.0,0.0,0.42857142857142855,0.0,0.0,14.0
32,8.0,1.0,0.1323426968783966,1.0,1.0,0.0,0.0,0.0,0.5,0.0,0.0,19.0
33,6.0,1.0,0.39961033746213104,0.8333333333333334,1.0,0.0,0.0,0.0,0.3333333333333333,0.0,0.0,17.0
34,8.0,1.0,0.3277506438875728,1.0,1.0,0.0,0.0,0.0,1.0,0.0,0.0,20.0
35,12.0,1.0,0.32274165384449865,0.08333333333333333,1.0,0.0,0.0,0.0,0.0,0.0,0.0,12.0
36,8.0,1.0,0.02091448433061725,0.125,1.0,1.0,1.0,1.0,0.0,0.0,53.2,27.0
37,5.0,1.0,0.019792737077248185,0.8,0.8,0.0,0.0,0.0,,,,
38,13.0,1.0,0.30313128515118,0.07692307692307693,1.0,0.0,0.0,0.0,0.0,0.0,0.0,23.0
39,6.0,1.0,0.005433979284142079,0.16666666666666666,1.0,0.0,0.0,0.0,0.0,0.0,0.0,9.0
40,119.0,3.0,0.3321193674096154,0.008403361344537815,1.0,1.0,1.0,,,,,
41,1203.0,24.0,0.36843261473083716,0.0008312551953449709,1.0,0.0,0.0,0.0,,,,
42,92.0,3.0,0.3177835351731249,0.09782608695652174,0.6521739130434783,0.0,0.0,0.0,,,,
43,49.0,2.0,0.35466974103576954,0.02040816326530612,1.0,0.0,0.0,0.0,,,,
44,77.0,2.0,0.3194986392295975,0.2077922077922078,1.0,0.0,0.0,0.0,,,,
45,6.0,1.0,0.011021533709766001,0.16666666666666666,1.0,0.0,0.0,0.0,0.0,0.0,0.0,3.0
46,12.0,5.0,1.6345198439509763,0.08333333333333333,1.0,0.0,0.0,0.0,0.0,0.0,0.0,13.0
47,6.0,3.0,0.8076882595211562,0.16666666666666666,1.0,0.0,0.0,0.0,0.0,0.0,0.0,6.0
48,12.0,1.0,0.42930749428237763,0.75,0.75,0.0,0.0,0.0,0.3333333333333333,0.0,0.0,37.0
49,11.0,1.0,0.4595505207681346,0.9090909090909091,0.8181818181818182,0.0,0.0,0.0,0.6363636363636364,0.0,0.0,18.0
50,8.0,1.0,0.3017519687518898,1.0,1.0,0.0,0.0,0.0,0.625,0.0,0.0,96.0
51,7.0,1.0,0.11601857322262327,1.0,1.0,0.0,0.0,0.0,0.8571428571428571,0.0,0.0,9.0
52,7.0,1.0,0.21366983535319836,0.7142857142857143,1.0,0.0,0.0,0.0,0.42857142857142855,0.0,0.0,46.0
53,8.0,1.0,0.3413225943759128,1.0,1.0,0.0,0.0,0.0,0.75,0.0,0.0,21.0
54,9.0,1.0,0.24407771043197418,1.0,1.0,0.0,0.0,0.0,0.6666666666666666,0.0,0.0,7.0
55,6.0,1.0,0.40078483250602076,1.0,1.0,0.0,0.0,0.0,0.6666666666666666,0.0,0.0,19.0
56,16.0,1.0,0.3637902174063896,0.0625,1.0,0.0,0.0,0.0,0.0,0.0,0.0,21.0
57,7.0,1.0,0.02919518066640187,0.14285714285714285,1.0,1.0,1.0,,,,,
58,5.0,1.0,0.028475011379629118,0.8,0.4,0.0,0.0,0.0,,,,
59,11.0,1.0,0.25729830022642963,0.09090909090909091,1.0,0.0,0.0,0.0,0.0,0.0,0.0,8.0
60,6.0,1.0,0.011885943155802953,0.16666666666666666,1.0,0.0,0.0,0.0,0.0,0.0,0.0,7.0
61,120.0,4.0,0.33315791882318313,0.008333333333333333,1.0,1.0,1.0,,,,,
62,1219.0,25.0,0.3847960128441506,0.0008203445447087777,1.0,0.0,0.0,0.0,,,,
63,95.0,3.0,0.32153894728830495,0.09473684210526316,0.5368421052631579,0.0,0.0,0.0,,,,
64,51.0,2.0,0.3230785024100054,0.0196078431372549,1.0,0.0,0.0,0.0,,,,
65,73.0,2.0,0.2352224919336864,0.2191780821917808,1.0,0.0,0.0,0.0,,,,
66,6.0,1.0,0.009532812008452378,0.16666666666666666,1.0,0.0,0.0,0.0,0.0,0.0,0.0,5.0
67,5.0,1.0,0.2896601063828779,0.2,1.0,0.0,0.0,0.0,0.0,0.0,0.0,119.0
68,9.0,3.0,0.9951997861559674,0.1111111111111111,1.0,0.0,0.0,0.0,0.0,0.0,0.0,9.0
69,1.0,1.0,,1.0,1.0,0.0,0.0,0.0,0.0,0.0,0.0,2.0
70,1.0,1.0,,1.0,1.0,0.0,0.0,0.0,0.0,0.0,0.0,2.0
71,1.0,1.0,,1.0,1.0,0.0,0.0,0.0,1.0,0.0,0.0,11.0
72,1.0,1.0,,1.0,1.0,0.0,0.0,0.0,0.0,0.0,0.0,5.0
73,1.0,1.0,,1.0,1.0,0.0,0.0,0.0,0.0,0.0,0.0,3.0
74,1.0,1.0,,1.0,1.0,0.0,0.0,0.0,1.0,0.0,0.0,10.0
75,1.0,1.0,,1.0,1.0,0.0,0.0,0.0,0.0,0.0,0.0,6.0
76,1.0,1.0,,1.0,1.0,0.0,0.0,0.0,1.0,0.0,0.0,2.0
77,1.0,1.0,,1.0,1.0,0.0,0.0,0.0,0.0,0.0,0.0,1.0
78,1.0,1.0,,1.0,1.0,1.0,1.0,,,,,
79,1.0,1.0,,1.0,1.0,0.0,0.0,0.0,0.0,0.0,0.0,12.0
80,11.0,3.0,0.3438587233255848,0.09090909090909091,1.0,1.0,1.0,,,,,
81,106.0,22.0,0.3611139423569467,0.009433962264150943,1.0,0.0,0.0,0.0,,,,
82,10.0,3.0,0.3201185664683034,0.7,0.4,0.0,0.0,0.0,,,,
83,4.0,1.0,0.371322402912832,0.25,1.0,0.0,0.0,0.0,,,,
84,7.0,2.0,0.3170314719425814,0.7142857142857143,1.0,0.0,0.0,0.0,,,,
85,2.0,1.0,,0.5,1.0,0.0,0.0,0.0,0.0,0.0,0.0,133.0
