row_id,request_count,peak_1s_requests,interarrival_cv,unique_path_ratio,dominant_route_ratio,unmatched_route_ratio,post_ratio,login_ratio,login_failure_ratio,backend_404_ratio,backend_5xx_ratio,mean_request_body_bytes,p95_upstream_duration_ms,endpoint_method_deviation
1,1.0,1.0,,1.0,1.0,0.0,0.0,0.0,0.0,0.0,0.0,0.0,58.0,0.0
2,3.0,3.0,0.2556346994253468,0.3333333333333333,1.0,0.0,0.0,0.0,0.0,0.0,0.0,0.0,7.0,0.0
3,1.0,1.0,,1.0,1.0,0.0,0.0,0.0,0.0,0.0,0.0,0.0,90.0,0.0
4,1.0,1.0,,1.0,1.0,0.0,0.0,0.0,0.0,,,,,0.0
5,6.0,2.0,0.5843203951288085,0.6666666666666666,0.5,0.0,0.0,0.0,0.0,0.16666666666666666,0.0,0.0,73.0,0.0
6,8.0,2.0,0.43369043413201885,0.875,0.625,0.0,0.0,0.0,0.0,0.375,0.0,0.0,65.0,0.0
7,7.0,2.0,0.6563028914952996,0.8571428571428571,0.5714285714285714,0.0,0.0,0.0,0.0,0.5714285714285714,0.0,0.0,71.0,0.0
8,7.0,2.0,0.6476873241664756,0.8571428571428571,0.5714285714285714,0.0,0.0,0.0,0.0,0.42857142857142855,0.0,0.0,69.0,0.0
9,6.0,2.0,0.5110155856655161,0.6666666666666666,0.5,0.0,0.0,0.0,0.0,0.0,0.0,0.0,66.0,0.0
10,7.0,2.0,0.6558043243598738,0.8571428571428571,0.5714285714285714,0.0,0.0,0.0,0.0,0.2857142857142857,0.0,0.0,69.0,0.0
11,6.0,2.0,0.6464870515037252,0.8333333333333334,0.5,0.0,0.0,0.0,0.0,0.16666666666666666,0.0,0.0,72.0,0.0
12,7.0,2.0,0.7048954186495149,0.7142857142857143,0.42857142857142855,0.0,0.0,0.0,0.0,0.0,0.0,0.0,68.0,0.0
13,6.0,2.0,0.5176034653282723,1.0,0.8333333333333334,0.0,0.0,0.0,0.0,0.8333333333333334,0.0,0.0,88.0,0.0
14,5.0,2.0,0.5639180461155977,0.4,0.8,0.0,0.8,0.8,1.0,0.0,0.0,42.0,68.0,0.0
15,4.0,2.0,0.6933109938913548,0.75,0.5,0.0,0.0,0.0,0.0,0.0,0.0,0.0,61.0,0.0
16,7.0,2.0,0.5442552423487209,1.0,0.8571428571428571,0.0,0.0,0.0,0.0,0.8571428571428571,0.0,0.0,89.0,0.0
17,7.0,2.0,0.5850118344030164,1.0,0.8571428571428571,0.0,0.0,0.0,0.0,0.42857142857142855,0.0,0.0,81.0,0.0
18,65.0,3.0,0.34670573561264084,0.03076923076923077,0.9846153846153847,0.0,0.9846153846153847,0.9846153846153847,1.0,0.0,0.0,52.84615384615385,3.0,0.0
19,626.0,24.0,0.35638796188375044,0.003194888178913738,0.9984025559105432,0.0,0.0,0.0,0.0,0.0,0.0,0.0,3.0,0.0
20,51.0,3.0,0.37241421903712996,0.19607843137254902,0.47058823529411764,0.47058823529411764,0.0,0.0,0.0,0.47058823529411764,0.0,0.0,8.0,0.0
21,26.0,2.0,0.35850006398828105,0.07692307692307693,0.9615384615384616,0.0,0.0,0.0,0.0,0.0,0.34615384615384615,0.0,10.0,0.0
22,43.0,2.0,0.33298613274059496,0.3488372093023256,0.9767441860465116,0.9767441860465116,0.0,0.0,0.0,0.9767441860465116,0.0,0.0,2.0,0.0
23,7.0,2.0,0.570847651065094,1.0,0.8571428571428571,0.0,0.0,0.0,0.0,0.5714285714285714,0.0,0.0,79.0,0.0
24,9.0,2.0,0.5393428768333037,1.0,0.8888888888888888,0.0,0.0,0.0,0.0,0.8888888888888888,0.0,0.0,71.0,0.0
25,6.0,2.0,0.5009113946158948,1.0,0.8333333333333334,0.0,0.0,0.0,0.0,0.6666666666666666,0.0,0.0,77.0,0.0
26,7.0,2.0,0.5165755247982255,1.0,0.8571428571428571,0.0,0.0,0.0,0.0,0.42857142857142855,0.0,0.0,76.0,0.0
27,8.0,2.0,0.5817506739067763,0.875,0.875,0.0,0.0,0.0,0.0,0.75,0.0,0.0,77.0,0.0
28,5.0,1.0,0.4682476862067266,0.4,0.8,0.0,0.8,0.8,1.0,0.0,0.0,45.2,2.0,0.0
29,5.0,1.0,0.6096633410282613,0.6,0.6,0.0,0.6,0.6,1.0,0.0,0.0,34.0,2.0,0.0
30,4.0,1.0,0.680856951161622,0.5,0.75,0.0,0.75,0.75,1.0,0.0,0.0,42.0,2.0,0.0
31,5.0,1.0,0.5540330173137048,0.4,0.8,0.0,0.8,0.8,1.0,0.0,0.0,45.2,2.0,0.0
32,6.0,1.0,0.3310900208546055,0.6666666666666666,0.5,0.0,0.5,0.5,1.0,0.3333333333333333,0.0,28.333333333333332,2.0,0.0
33,4.0,1.0,0.5013426028332024,0.5,0.75,0.0,0.75,0.75,1.0,0.0,0.0,42.0,3.0,0.0
34,5.0,1.0,0.28642774038917923,0.4,0.8,0.0,0.8,0.8,1.0,0.0,0.0,45.2,2.0,0.0
35,5.0,1.0,0.801902276716155,0.6,0.6,0.0,0.6,0.6,1.0,0.2,0.0,34.0,12.0,0.0
36,4.0,2.0,0.6942015455955034,1.0,0.75,0.0,0.0,0.0,0.0,0.75,0.0,0.0,75.0,0.0
37,6.0,2.0,0.5949908031074123,1.0,0.8333333333333334,0.0,0.0,0.0,0.0,0.6666666666666666,0.0,0.0,72.0,0.0
38,4.0,2.0,0.691365797385618,1.0,0.75,0.0,0.0,0.0,0.0,0.75,0.0,0.0,84.0,0.0
39,5.0,2.0,0.5939532869291869,1.0,0.8,0.0,0.0,0.0,0.0,0.8,0.0,0.0,84.0,0.0
40,4.0,2.0,0.7778932188728425,1.0,0.75,0.0,0.0,0.0,0.0,0.5,0.0,0.0,81.0,0.0
41,5.0,2.0,0.6502817498220669,1.0,0.8,0.0,0.0,0.0,0.0,0.6,0.0,0.0,75.0,0.0
42,6.0,2.0,0.6002522281064083,1.0,0.8333333333333334,0.0,0.0,0.0,0.0,0.6666666666666666,0.0,0.0,83.0,0.0
43,5.0,2.0,0.6151611564796937,1.0,0.8,0.0,0.0,0.0,0.0,0.8,0.0,0.0,82.0,0.0
44,7.0,2.0,0.5182172943444366,0.2857142857142857,0.8571428571428571,0.0,0.0,0.0,0.0,0.0,0.0,0.0,78.0,0.0
45,10.0,2.0,0.5838669575515756,0.2,0.9,0.0,0.0,0.0,0.0,0.0,0.0,0.0,79.0,0.0
46,9.0,2.0,0.46901710941552116,0.2222222222222222,0.8888888888888888,0.0,0.0,0.0,0.0,0.0,0.0,0.0,72.0,0.0
47,8.0,2.0,0.5228260363893869,0.25,0.875,0.0,0.0,0.0,0.0,0.0,0.0,0.0,69.0,0.0
48,9.0,2.0,0.47382330138452955,0.2222222222222222,0.8888888888888888,0.0,0.0,0.0,0.0,0.0,0.0,0.0,67.0,0.0
49,9.0,2.0,0.5206610233249638,0.2222222222222222,0.8888888888888888,0.0,0.0,0.0,0.0,0.0,0.0,0.0,66.0,0.0
50,8.0,2.0,0.44576311145664066,0.25,0.875,0.0,0.0,0.0,0.0,0.0,0.0,0.0,74.0,0.0
51,9.0,2.0,0.5857662768649793,0.2222222222222222,0.8888888888888888,0.0,0.0,0.0,0.0,0.0,0.0,0.0,66.0,0.0
52,4.0,2.0,0.6921925669182318,0.25,1.0,0.0,0.0,0.0,0.0,0.0,0.0,0.0,70.0,0.0
53,4.0,2.0,0.6923495189639182,0.25,1.0,0.0,0.0,0.0,0.0,0.0,0.0,0.0,70.0,0.0
54,5.0,2.0,0.5614348345981888,0.2,1.0,0.0,0.0,0.0,0.0,0.0,0.0,0.0,64.0,0.0
55,4.0,2.0,0.6924878467803472,0.25,1.0,0.0,0.0,0.0,0.0,0.0,0.0,0.0,69.0,0.0
56,4.0,2.0,0.692664084424923,0.25,1.0,0.0,0.0,0.0,0.0,0.0,0.0,0.0,63.0,0.0
57,4.0,2.0,0.6928480553530413,0.25,1.0,0.0,0.0,0.0,0.0,0.0,0.0,0.0,69.0,0.0
58,8.0,2.0,0.38958332295877185,0.125,1.0,0.0,0.0,0.0,0.0,0.0,0.0,0.0,66.0,0.6
59,5.0,2.0,0.5614418343615742,0.2,1.0,0.0,0.0,0.0,0.0,0.0,0.0,0.0,64.0,0.0
60,4.0,2.0,0.6896096444171436,0.5,0.75,0.0,0.0,0.0,0.0,0.0,0.0,0.0,73.0,0.0
61,9.0,4.0,1.7846141590296138,0.2222222222222222,0.8888888888888888,0.0,0.0,0.0,0.0,0.0,0.0,0.0,84.0,0.0
62,8.0,5.0,1.6302780557040597,0.25,0.875,0.0,0.0,0.0,0.0,0.0,0.0,0.0,68.0,0.0
63,8.0,3.0,1.5142888877900085,0.25,0.875,0.0,0.0,0.0,0.0,0.0,0.0,0.0,61.0,0.16666666666666666
64,9.0,3.0,1.6453334229835044,0.2222222222222222,0.8888888888888888,0.0,0.0,0.0,0.0,0.0,0.0,0.0,55.0,0.3333333333333333
65,7.0,2.0,1.3635451932116052,0.2857142857142857,0.8571428571428571,0.0,0.0,0.0,0.0,0.0,0.0,0.0,71.0,0.0
66,7.0,3.0,1.3563681115375807,0.2857142857142857,0.8571428571428571,0.0,0.0,0.0,0.0,0.0,0.0,0.0,61.0,0.0
67,3.0,2.0,0.9714451992632948,0.6666666666666666,0.6666666666666666,0.0,0.0,0.0,0.0,0.0,0.0,0.0,66.0,0.0
68,2.0,1.0,,1.0,0.5,0.0,0.0,0.0,0.0,0.0,0.0,0.0,2.0,0.0
69,2.0,1.0,,1.0,0.5,0.0,0.0,0.0,0.0,0.0,0.0,0.0,2.0,0.0
70,2.0,1.0,,1.0,0.5,0.0,0.0,0.0,0.0,0.0,0.0,0.0,3.0,0.0
71,2.0,1.0,,1.0,0.5,0.0,0.0,0.0,0.0,0.0,0.0,0.0,3.0,0.0
72,2.0,1.0,,1.0,0.5,0.0,0.0,0.0,0.0,0.0,0.0,0.0,2.0,0.0
73,2.0,1.0,,1.0,0.5,0.0,0.0,0.0,0.0,0.0,0.0,0.0,2.0,0.0
74,2.0,1.0,,1.0,0.5,0.0,0.0,0.0,0.0,0.0,0.0,0.0,2.0,0.0
75,2.0,1.0,,1.0,0.5,0.0,0.0,0.0,0.0,0.0,0.0,0.0,2.0,0.0
76,2.0,1.0,,1.0,0.5,0.0,0.0,0.0,0.0,0.0,0.0,0.0,2.0,0.0
77,2.0,1.0,,1.0,0.5,0.0,0.0,0.0,0.0,0.0,0.0,0.0,2.0,0.0
78,2.0,1.0,,1.0,0.5,0.0,0.0,0.0,0.0,0.0,0.0,0.0,3.0,0.0
79,2.0,1.0,,1.0,0.5,0.0,0.0,0.0,0.0,0.0,0.0,0.0,2.0,0.0
80,2.0,1.0,,1.0,0.5,0.0,0.0,0.0,0.0,0.0,0.0,0.0,2.0,0.0
81,2.0,1.0,,1.0,0.5,0.0,0.0,0.0,0.0,0.0,0.0,0.0,2.0,0.0
82,2.0,1.0,,1.0,0.5,0.0,0.0,0.0,0.0,0.0,0.0,0.0,2.0,0.0
83,2.0,1.0,,1.0,0.5,0.0,0.0,0.0,0.0,0.0,0.0,0.0,2.0,0.0
84,12.0,1.0,0.37211240485831076,0.8333333333333334,0.75,0.0,0.0,0.0,0.0,0.25,0.0,0.0,10.0,0.125
85,11.0,1.0,0.5244540221595044,0.7272727272727273,0.6363636363636364,0.0,0.0,0.0,0.0,0.36363636363636365,0.0,0.0,2.0,0.0
86,10.0,1.0,0.39563722072395163,0.8,0.7,0.0,0.0,0.0,0.0,0.6,0.0,0.0,2.0,0.0
87,11.0,1.0,0.5323555865293688,0.6363636363636364,0.6363636363636364,0.0,0.0,0.0,0.0,0.2727272727272727,0.0,0.0,2.0,0.0
88,12.0,1.0,0.4719141061661008,0.6666666666666666,0.6666666666666666,0.0,0.0,0.0,0.0,0.3333333333333333,0.0,0.0,3.0,0.0
89,11.0,1.0,0.45531439261269857,0.9090909090909091,0.8181818181818182,0.0,0.0,0.0,0.0,0.6363636363636364,0.0,0.0,3.0,0.125
90,10.0,1.0,0.16069816271100698,0.7,0.7,0.0,0.0,0.0,0.0,0.5,0.0,0.0,2.0,0.0
91,8.0,1.0,0.36692606083869517,0.75,0.625,0.0,0.0,0.0,0.0,0.375,0.0,0.0,2.0,0.0
92,13.0,1.0,0.32247536329484616,0.8461538461538461,1.0,0.0,0.0,0.0,0.0,0.7692307692307693,0.0,0.0,4.0,0.625
93,8.0,1.0,0.02609106813514305,0.125,1.0,0.0,1.0,1.0,1.0,0.0,0.0,54.0,12.0,0.0
94,5.0,1.0,0.02651055262540502,0.8,0.4,0.4,0.0,0.0,0.0,0.4,0.0,0.0,4.0,0.0
95,10.0,1.0,0.3377411509865495,1.0,1.0,0.0,0.0,0.0,0.0,0.6,0.0,0.0,3.0,0.25
96,11.0,1.0,0.3313855444928475,0.9090909090909091,1.0,0.0,0.0,0.0,0.0,0.7272727272727273,0.0,0.0,2.0,0.375
97,122.0,4.0,0.36332852853015424,0.00819672131147541,1.0,0.0,1.0,1.0,1.0,0.0,0.0,53.75409836065574,3.0,0.0
98,1232.0,25.0,0.36271982134281017,0.0008116883116883117,1.0,0.0,0.0,0.0,0.0,0.0,0.0,0.0,2.0,204.33333333333334
99,89.0,2.0,0.2883714441776174,0.10112359550561797,0.449438202247191,0.449438202247191,0.0,0.0,0.0,0.449438202247191,0.0,0.0,6.0,0.0
100,48.0,2.0,0.39425728898083806,0.020833333333333332,1.0,0.0,0.0,0.0,0.0,0.0,0.3958333333333333,0.0,2.0,0.0
101,76.0,2.0,0.27534803086225695,0.21052631578947367,1.0,1.0,0.0,0.0,0.0,1.0,0.0,0.0,1.0,0.0
102,13.0,1.0,0.44697736677358335,1.0,1.0,0.0,0.0,0.0,0.0,0.6153846153846154,0.0,0.0,2.0,0.625
103,9.0,1.0,0.345491561701489,0.8888888888888888,1.0,0.0,0.0,0.0,0.0,0.6666666666666666,0.0,0.0,2.0,0.125
104,9.0,1.0,0.27637578428562576,1.0,1.0,0.0,0.0,0.0,0.0,0.6666666666666666,0.0,0.0,10.0,0.125
105,12.0,1.0,0.35485093753110863,0.9166666666666666,1.0,0.0,0.0,0.0,0.0,0.9166666666666666,0.0,0.0,2.0,0.5
106,8.0,1.0,0.11390039727435211,1.0,1.0,0.0,0.0,0.0,0.0,0.625,0.0,0.0,2.0,0.0
107,7.0,1.0,0.11770688804605323,0.8571428571428571,1.0,0.0,0.0,0.0,0.0,0.7142857142857143,0.0,0.0,2.0,0.0
108,6.0,1.0,0.24684063415670687,0.8333333333333334,1.0,0.0,0.0,0.0,0.0,0.3333333333333333,0.0,0.0,2.0,0.0
109,9.0,1.0,0.4167716443687468,0.8888888888888888,0.8888888888888888,0.0,0.1111111111111111,0.1111111111111111,1.0,0.5555555555555556,0.0,6.444444444444445,2.0,0.0
110,8.0,1.0,0.252500056623853,0.875,1.0,0.0,0.0,0.0,0.0,0.75,0.0,0.0,2.0,0.0
111,7.0,1.0,0.20553306833481036,1.0,1.0,0.0,0.0,0.0,0.0,0.7142857142857143,0.0,0.0,2.0,0.0
112,8.0,1.0,0.2721329365467594,1.0,0.875,0.0,0.125,0.125,1.0,0.5,0.0,7.25,2.0,0.0
113,9.0,1.0,0.18916941016620142,1.0,1.0,0.0,0.0,0.0,0.0,0.6666666666666666,0.0,0.0,2.0,0.125
114,7.0,1.0,0.2009011266142845,1.0,1.0,0.0,0.0,0.0,0.0,0.7142857142857143,0.0,0.0,2.0,0.0
115,9.0,1.0,0.43106915746654395,1.0,1.0,0.0,0.0,0.0,0.0,0.8888888888888888,0.0,0.0,2.0,0.125
116,7.0,1.0,0.43906886211265267,0.8571428571428571,1.0,0.0,0.0,0.0,0.0,0.5714285714285714,0.0,0.0,2.0,0.0
117,7.0,1.0,0.3584221736143956,1.0,1.0,0.0,0.0,0.0,0.0,0.7142857142857143,0.0,0.0,1.0,0.0
118,6.0,1.0,0.1776954981002546,1.0,1.0,0.0,0.0,0.0,0.0,1.0,0.0,0.0,2.0,0.0
119,7.0,1.0,0.4308230193506835,1.0,1.0,0.0,0.0,0.0,0.0,0.8571428571428571,0.0,0.0,9.0,0.0
120,7.0,1.0,0.25538660704649147,1.0,1.0,0.0,0.0,0.0,0.0,0.7142857142857143,0.0,0.0,2.0,0.0
121,7.0,1.0,0.35882427798687805,1.0,1.0,0.0,0.0,0.0,0.0,0.7142857142857143,0.0,0.0,2.0,0.0
122,7.0,1.0,0.40691992822617856,1.0,1.0,0.0,0.0,0.0,0.0,0.8571428571428571,0.0,0.0,2.0,0.0
123,14.0,1.0,0.3553522645001483,0.07142857142857142,1.0,0.0,0.0,0.0,0.0,0.0,0.0,0.0,3.0,0.0
124,12.0,1.0,0.33042888008647003,0.08333333333333333,1.0,0.0,0.0,0.0,0.0,0.0,0.0,0.0,2.0,0.0
125,15.0,1.0,0.28883621831824213,0.06666666666666667,1.0,0.0,0.0,0.0,0.0,0.0,0.0,0.0,2.0,0.0
126,14.0,1.0,0.3323430153453126,0.07142857142857142,1.0,0.0,0.0,0.0,0.0,0.0,0.0,0.0,2.0,0.0
127,13.0,1.0,0.3080530058832783,0.07692307692307693,1.0,0.0,0.0,0.0,0.0,0.0,0.0,0.0,2.0,0.0
128,12.0,1.0,0.2959421715807239,0.08333333333333333,1.0,0.0,0.0,0.0,0.0,0.0,0.0,0.0,2.0,0.0
129,14.0,1.0,0.2999672585390223,0.07142857142857142,1.0,0.0,0.0,0.0,0.0,0.0,0.0,0.0,2.0,0.07692307692307693
130,12.0,1.0,0.3223040557547402,0.08333333333333333,1.0,0.0,0.0,0.0,0.0,0.0,0.0,0.0,2.0,0.0
131,4.0,1.0,0.004909240272111032,0.25,1.0,0.0,0.0,0.0,0.0,0.0,0.0,0.0,1.0,0.0
132,4.0,1.0,0.007793312741270881,0.25,1.0,0.0,0.0,0.0,0.0,0.0,0.0,0.0,2.0,0.0
133,6.0,1.0,0.013692230392720923,0.16666666666666666,1.0,0.0,0.0,0.0,0.0,0.0,0.0,0.0,1.0,0.2
134,4.0,1.0,0.007828843334195772,0.25,1.0,0.0,0.0,0.0,0.0,0.0,0.0,0.0,1.0,0.0
135,4.0,1.0,0.011340381990641565,0.25,1.0,0.0,0.0,0.0,0.0,0.0,0.0,0.0,1.0,0.0
136,4.0,1.0,0.009607497134907548,0.25,1.0,0.0,0.0,0.0,0.0,0.0,0.0,0.0,2.0,0.0
137,12.0,1.0,0.022368890473030992,0.08333333333333333,1.0,0.0,0.0,0.0,0.0,0.0,0.0,0.0,1.0,1.4
138,6.0,1.0,0.009208432141462379,0.16666666666666666,1.0,0.0,0.0,0.0,0.0,0.0,0.0,0.0,1.0,0.2
139,6.0,2.0,0.9084688831906547,0.16666666666666666,1.0,0.0,0.0,0.0,0.0,0.0,0.0,0.0,2.0,0.0
140,4.0,1.0,0.2884363933193562,0.25,1.0,0.0,0.0,0.0,0.0,0.0,0.0,0.0,2.0,0.0
141,9.0,5.0,1.098557672372018,0.1111111111111111,1.0,0.0,0.0,0.0,0.0,0.0,0.0,0.0,2.0,0.5
142,10.0,3.0,1.1561708714069372,0.1,1.0,0.0,0.0,0.0,0.0,0.0,0.0,0.0,10.0,0.6666666666666666
143,11.0,4.0,1.5921638906802797,0.09090909090909091,1.0,0.0,0.0,0.0,0.0,0.0,0.0,0.0,2.0,0.8333333333333334
144,16.0,5.0,1.479805264709314,0.0625,1.0,0.0,0.0,0.0,0.0,0.0,0.0,0.0,13.0,1.6666666666666667
145,6.0,3.0,0.8404600028499428,0.16666666666666666,1.0,0.0,0.0,0.0,0.0,0.0,0.0,0.0,2.0,0.0
146,10.0,3.0,0.8942063273837675,0.1,1.0,0.0,0.0,0.0,0.0,0.0,0.0,0.0,3.0,0.6666666666666666
147,10.0,1.0,0.3258252242319041,0.8,0.7,0.0,0.0,0.0,0.0,0.6,0.0,0.0,3.0,0.0
148,12.0,1.0,0.34937953456195275,0.75,0.6666666666666666,0.0,0.0,0.0,0.0,0.5,0.0,0.0,6.0,0.0
149,11.0,1.0,0.45611353426305246,0.9090909090909091,0.8181818181818182,0.0,0.0,0.0,0.0,0.45454545454545453,0.0,0.0,13.0,0.125
150,12.0,1.0,0.32018260458866005,0.75,0.75,0.0,0.0,0.0,0.0,0.6666666666666666,0.0,0.0,13.0,0.125
151,11.0,1.0,0.5114271435456957,0.6363636363636364,0.6363636363636364,0.0,0.0,0.0,0.0,0.2727272727272727,0.0,0.0,7.0,0.0
152,10.0,1.0,0.27012040545203997,0.7,0.6,0.0,0.0,0.0,0.0,0.4,0.0,0.0,2.0,0.0
153,11.0,1.0,0.4007776281796875,0.8181818181818182,0.7272727272727273,0.0,0.0,0.0,0.0,0.36363636363636365,0.0,0.0,3.0,0.0
154,12.0,1.0,0.3486707077389693,0.6666666666666666,0.75,0.0,0.0,0.0,0.0,0.5,0.0,0.0,3.0,0.125
155,9.0,1.0,0.20196347741968274,0.8888888888888888,1.0,0.0,0.0,0.0,0.0,0.8888888888888888,0.0,0.0,2.0,0.125
156,7.0,1.0,0.023549482964751903,0.14285714285714285,1.0,0.0,1.0,1.0,1.0,0.0,0.0,53.57142857142857,5.0,0.0
157,5.0,1.0,0.02604728097855504,1.0,0.6,0.6,0.0,0.0,0.0,0.6,0.0,0.0,2.0,0.0
158,12.0,1.0,0.32861472398422026,1.0,1.0,0.0,0.0,0.0,0.0,0.75,0.0,0.0,3.0,0.5
159,9.0,1.0,0.3814011218237274,0.8888888888888888,1.0,0.0,0.0,0.0,0.0,0.7777777777777778,0.0,0.0,3.0,0.125
160,115.0,3.0,0.34665139381127275,0.008695652173913044,1.0,0.0,1.0,1.0,1.0,0.0,0.0,53.71304347826087,4.0,0.0
161,1189.0,24.0,0.34419276356665396,0.0008410428931875525,1.0,0.0,0.0,0.0,0.0,0.0,0.0,0.0,4.0,197.16666666666666
162,96.0,3.0,0.31748624463263464,0.09375,0.5416666666666666,0.5416666666666666,0.0,0.0,0.0,0.5416666666666666,0.0,0.0,6.0,0.0
163,51.0,2.0,0.4017633558853404,0.0196078431372549,1.0,0.0,0.0,0.0,0.0,0.0,0.27450980392156865,0.0,3.0,2.923076923076923
164,79.0,2.0,0.28140761448113816,0.20253164556962025,1.0,1.0,0.0,0.0,0.0,1.0,0.0,0.0,3.0,0.0
165,13.0,1.0,0.32886684339676997,0.8461538461538461,1.0,0.0,0.0,0.0,0.0,0.6923076923076923,0.0,0.0,2.0,0.625
166,12.0,1.0,0.3471763758448049,0.75,1.0,0.0,0.0,0.0,0.0,0.5833333333333334,0.0,0.0,4.0,0.5
167,11.0,1.0,0.38884286054988065,1.0,1.0,0.0,0.0,0.0,0.0,0.6363636363636364,0.0,0.0,3.0,0.375
168,13.0,1.0,0.4727803838452737,1.0,1.0,0.0,0.0,0.0,0.0,0.6153846153846154,0.0,0.0,3.0,0.625
169,11.0,1.0,0.2774177301699826,0.8181818181818182,1.0,0.0,0.0,0.0,0.0,0.6363636363636364,0.0,0.0,7.0,0.375
170,9.0,1.0,0.3221458608960616,0.7777777777777778,1.0,0.0,0.0,0.0,0.0,0.6666666666666666,0.0,0.0,3.0,0.125
171,7.0,1.0,0.2411542011005226,0.8571428571428571,1.0,0.0,0.0,0.0,0.0,1.0,0.0,0.0,4.0,0.0
172,7.0,1.0,0.2568035539809414,1.0,1.0,0.0,0.0,0.0,0.0,0.7142857142857143,0.0,0.0,3.0,0.0
173,9.0,1.0,0.25421140821918126,1.0,1.0,0.0,0.0,0.0,0.0,0.5555555555555556,0.0,0.0,3.0,0.125
174,6.0,1.0,0.13706488681067422,0.8333333333333334,1.0,0.0,0.0,0.0,0.0,1.0,0.0,0.0,15.0,0.0
175,7.0,1.0,0.28031610575548865,0.8571428571428571,1.0,0.0,0.0,0.0,0.0,0.7142857142857143,0.0,0.0,2.0,0.0
176,7.0,1.0,0.23418247560398764,1.0,1.0,0.0,0.0,0.0,0.0,0.5714285714285714,0.0,0.0,2.0,0.0
177,8.0,1.0,0.3478682949552464,1.0,1.0,0.0,0.0,0.0,0.0,0.5,0.0,0.0,2.0,0.0
178,7.0,1.0,0.3600599255992011,1.0,1.0,0.0,0.0,0.0,0.0,0.8571428571428571,0.0,0.0,3.0,0.0
179,8.0,1.0,0.45825900833427974,1.0,1.0,0.0,0.0,0.0,0.0,0.625,0.0,0.0,11.0,0.0
180,6.0,1.0,0.28557972092900175,1.0,1.0,0.0,0.0,0.0,0.0,1.0,0.0,0.0,2.0,0.0
181,7.0,1.0,0.45009715739248973,1.0,1.0,0.0,0.0,0.0,0.0,0.8571428571428571,0.0,0.0,4.0,0.0
182,7.0,1.0,0.25520078860365264,0.8571428571428571,1.0,0.0,0.0,0.0,0.0,0.5714285714285714,0.0,0.0,5.0,0.0
183,9.0,1.0,0.3886158179407341,1.0,1.0,0.0,0.0,0.0,0.0,0.7777777777777778,0.0,0.0,4.0,0.125
184,7.0,1.0,0.4029511426517931,1.0,1.0,0.0,0.0,0.0,0.0,0.8571428571428571,0.0,0.0,6.0,0.0
185,6.0,1.0,0.17329590331590605,1.0,1.0,0.0,0.0,0.0,0.0,0.8333333333333334,0.0,0.0,3.0,0.0
186,14.0,1.0,0.2676598073461378,0.07142857142857142,1.0,0.0,0.0,0.0,0.0,0.0,0.0,0.0,3.0,0.07692307692307693
187,14.0,1.0,0.3407583333372881,0.07142857142857142,1.0,0.0,0.0,0.0,0.0,0.0,0.0,0.0,4.0,0.07692307692307693
188,13.0,1.0,0.32889086583116517,0.07692307692307693,1.0,0.0,0.0,0.0,0.0,0.0,0.0,0.0,14.0,0.0
189,11.0,1.0,0.1983670638354371,0.09090909090909091,1.0,0.0,0.0,0.0,0.0,0.0,0.0,0.0,9.0,0.0
190,14.0,1.0,0.2852479257633497,0.07142857142857142,1.0,0.0,0.0,0.0,0.0,0.0,0.0,0.0,7.0,0.07692307692307693
191,13.0,1.0,0.33975822595424104,0.07692307692307693,1.0,0.0,0.0,0.0,0.0,0.0,0.0,0.0,6.0,0.0
192,13.0,1.0,0.3783052153319509,0.07692307692307693,1.0,0.0,0.0,0.0,0.0,0.0,0.0,0.0,2.0,0.0
193,12.0,1.0,0.2502094372370123,0.08333333333333333,1.0,0.0,0.0,0.0,0.0,0.0,0.0,0.0,3.0,0.0
194,4.0,1.0,0.0011898332699461199,0.25,1.0,0.0,0.0,0.0,0.0,0.0,0.0,0.0,1.0,0.0
195,4.0,1.0,0.002667027742274375,0.25,1.0,0.0,0.0,0.0,0.0,0.0,0.0,0.0,1.0,0.0
196,6.0,1.0,0.006476403759338161,0.16666666666666666,1.0,0.0,0.0,0.0,0.0,0.0,0.0,0.0,1.0,0.2
197,4.0,1.0,0.00435035597014665,0.25,1.0,0.0,0.0,0.0,0.0,0.0,0.0,0.0,1.0,0.0
198,4.0,1.0,0.0018554162241382322,0.25,1.0,0.0,0.0,0.0,0.0,0.0,0.0,0.0,1.0,0.0
199,4.0,1.0,0.006545588064328461,0.25,1.0,0.0,0.0,0.0,0.0,0.0,0.0,0.0,1.0,0.0
200,11.0,1.0,0.016411839170160702,0.09090909090909091,1.0,0.0,0.0,0.0,0.0,0.0,0.0,0.0,2.0,1.2
201,6.0,1.0,0.0057344688881175235,0.16666666666666666,1.0,0.0,0.0,0.0,0.0,0.0,0.0,0.0,1.0,0.2
202,11.0,4.0,1.2713447435950158,0.09090909090909091,1.0,0.0,0.0,0.0,0.0,0.0,0.0,0.0,3.0,0.8333333333333334
203,14.0,4.0,1.3001411523449677,0.07142857142857142,1.0,0.0,0.0,0.0,0.0,0.0,0.0,0.0,10.0,1.3333333333333333
204,12.0,3.0,1.6066486124940391,0.08333333333333333,1.0,0.0,0.0,0.0,0.0,0.0,0.0,0.0,2.0,1.0
205,8.0,4.0,1.1563210808566293,0.125,1.0,0.0,0.0,0.0,0.0,0.0,0.0,0.0,3.0,0.3333333333333333
206,3.0,1.0,0.11147228649645917,0.3333333333333333,1.0,0.0,0.0,0.0,0.0,0.0,0.0,0.0,4.0,0.0
207,9.0,4.0,1.0469844637713863,0.1111111111111111,1.0,0.0,0.0,0.0,0.0,0.0,0.0,0.0,6.0,0.5
208,11.0,5.0,1.526399014302453,0.09090909090909091,1.0,0.0,0.0,0.0,0.0,0.0,0.0,0.0,3.0,0.8333333333333334
209,11.0,3.0,1.447304654884808,0.09090909090909091,1.0,0.0,0.0,0.0,0.0,0.0,0.0,0.0,2.0,0.8333333333333334
210,11.0,1.0,0.30475703243876134,0.8181818181818182,0.7272727272727273,0.0,0.0,0.0,0.0,0.5454545454545454,0.0,0.0,2.0,0.0
211,11.0,1.0,0.5570336190336977,0.8181818181818182,0.8181818181818182,0.0,0.0,0.0,0.0,0.5454545454545454,0.0,0.0,3.0,0.125
212,11.0,1.0,0.5154887684419116,0.8181818181818182,0.7272727272727273,0.0,0.0,0.0,0.0,0.45454545454545453,0.0,0.0,11.0,0.0
213,11.0,1.0,0.4185304231143112,0.9090909090909091,0.8181818181818182,0.0,0.0,0.0,0.0,0.5454545454545454,0.0,0.0,1.0,0.125
214,10.0,1.0,0.4324179928468458,0.8,0.7,0.0,0.0,0.0,0.0,0.7,0.0,0.0,2.0,0.0
215,12.0,1.0,0.4070168304801476,0.6666666666666666,0.6666666666666666,0.0,0.0,0.0,0.0,0.5,0.0,0.0,2.0,0.0
216,11.0,1.0,0.29824192361375446,0.7272727272727273,0.7272727272727273,0.0,0.0,0.0,0.0,0.36363636363636365,0.0,0.0,2.0,0.0
217,10.0,1.0,0.3390013116488399,0.8,0.7,0.0,0.0,0.0,0.0,0.5,0.0,0.0,12.0,0.0
218,11.0,1.0,0.3659605063612441,0.8181818181818182,1.0,0.0,0.0,0.0,0.0,0.45454545454545453,0.0,0.0,3.0,0.375
219,8.0,1.0,0.02692310864741497,0.125,1.0,0.0,1.0,1.0,1.0,0.0,0.0,53.875,2.0,0.0
220,5.0,1.0,0.021114938957664274,0.8,0.6,0.6,0.0,0.0,0.0,0.6,0.0,0.0,7.0,0.0
221,13.0,1.0,0.3383414701056789,0.8461538461538461,1.0,0.0,0.0,0.0,0.0,0.6923076923076923,0.0,0.0,2.0,0.625
222,10.0,1.0,0.3669837974187552,0.9,1.0,0.0,0.0,0.0,0.0,0.6,0.0,0.0,2.0,0.25
223,117.0,4.0,0.3462044214255779,0.008547008547008548,1.0,0.0,1.0,1.0,1.0,0.0,0.0,53.572649572649574,2.0,0.0
224,1184.0,24.0,0.3424704532769489,0.0008445945945945946,1.0,0.0,0.0,0.0,0.0,0.0,0.0,0.0,2.0,196.33333333333334
225,88.0,2.0,0.3101708518163464,0.10227272727272728,0.5909090909090909,0.5909090909090909,0.0,0.0,0.0,0.5909090909090909,0.0,0.0,5.0,0.0
226,47.0,2.0,0.36903326765643774,0.02127659574468085,1.0,0.0,0.0,0.0,0.0,0.0,0.3404255319148936,0.0,2.0,2.6153846153846154
227,73.0,2.0,0.27887858207008603,0.2191780821917808,1.0,1.0,0.0,0.0,0.0,1.0,0.0,0.0,1.0,0.0
228,11.0,1.0,0.4450990263551456,1.0,1.0,0.0,0.0,0.0,0.0,0.8181818181818182,0.0,0.0,2.0,0.375
229,10.0,1.0,0.28242426459929,0.7,1.0,0.0,0.0,0.0,0.0,0.5,0.0,0.0,11.0,0.25
230,11.0,1.0,0.3103698438781219,0.8181818181818182,1.0,0.0,0.0,0.0,0.0,0.8181818181818182,0.0,0.0,3.0,0.375
231,10.0,1.0,0.22151868783932388,0.9,1.0,0.0,0.0,0.0,0.0,0.9,0.0,0.0,7.0,0.25
232,10.0,1.0,0.2712350086522295,1.0,1.0,0.0,0.0,0.0,0.0,0.8,0.0,0.0,3.0,0.25
233,8.0,1.0,0.23665641399766219,1.0,1.0,0.0,0.0,0.0,0.0,0.625,0.0,0.0,2.0,0.0
234,8.0,1.0,0.3242514572236179,1.0,1.0,0.0,0.0,0.0,0.0,0.5,0.0,0.0,3.0,0.0
235,7.0,1.0,0.25635783173741644,0.8571428571428571,1.0,0.0,0.0,0.0,0.0,0.5714285714285714,0.0,0.0,2.0,0.0
236,8.0,1.0,0.31868229521773267,0.875,1.0,0.0,0.0,0.0,0.0,0.875,0.0,0.0,3.0,0.0
237,8.0,1.0,0.4004658680263207,1.0,1.0,0.0,0.0,0.0,0.0,0.625,0.0,0.0,2.0,0.0
238,7.0,1.0,0.18469795939906172,1.0,1.0,0.0,0.0,0.0,0.0,0.7142857142857143,0.0,0.0,12.0,0.0
239,8.0,1.0,0.38375605634362153,0.875,1.0,0.0,0.0,0.0,0.0,0.875,0.0,0.0,2.0,0.0
240,8.0,1.0,0.22505357870228074,0.875,1.0,0.0,0.0,0.0,0.0,0.875,0.0,0.0,6.0,0.0
241,7.0,1.0,0.4052644351201235,1.0,1.0,0.0,0.0,0.0,0.0,0.8571428571428571,0.0,0.0,2.0,0.0
242,7.0,1.0,0.2808398871824605,1.0,1.0,0.0,0.0,0.0,0.0,0.8571428571428571,0.0,0.0,6.0,0.0
243,7.0,1.0,0.30185722054490616,1.0,1.0,0.0,0.0,0.0,0.0,0.8571428571428571,0.0,0.0,2.0,0.0
244,6.0,1.0,0.2078915358397722,0.8333333333333334,1.0,0.0,0.0,0.0,0.0,1.0,0.0,0.0,2.0,0.0
245,8.0,1.0,0.3572234079641248,1.0,1.0,0.0,0.0,0.0,0.0,1.0,0.0,0.0,2.0,0.0
246,5.0,1.0,0.2124150854243091,1.0,1.0,0.0,0.0,0.0,0.0,0.6,0.0,0.0,2.0,0.0
247,8.0,1.0,0.3794935193995655,1.0,1.0,0.0,0.0,0.0,0.0,0.75,0.0,0.0,2.0,0.0
248,7.0,1.0,0.2895072717456994,1.0,1.0,0.0,0.0,0.0,0.0,0.8571428571428571,0.0,0.0,2.0,0.0
249,14.0,1.0,0.24083704161813616,0.07142857142857142,1.0,0.0,0.0,0.0,0.0,0.0,0.0,0.0,2.0,0.07692307692307693
250,10.0,1.0,0.2244997770853626,0.1,1.0,0.0,0.0,0.0,0.0,0.0,0.0,0.0,2.0,0.0
251,12.0,1.0,0.26326341200111636,0.08333333333333333,1.0,0.0,0.0,0.0,0.0,0.0,0.0,0.0,2.0,0.0
252,13.0,1.0,0.3493812640772815,0.07692307692307693,1.0,0.0,0.0,0.0,0.0,0.0,0.0,0.0,2.0,0.0
253,13.0,1.0,0.2897519534945953,0.07692307692307693,1.0,0.0,0.0,0.0,0.0,0.0,0.0,0.0,3.0,0.0
254,12.0,1.0,0.2768070608840132,0.08333333333333333,1.0,0.0,0.0,0.0,0.0,0.0,0.0,0.0,11.0,0.0
255,14.0,1.0,0.3070398370629066,0.07142857142857142,1.0,0.0,0.0,0.0,0.0,0.0,0.0,0.0,3.0,0.07692307692307693
256,14.0,1.0,0.3540692615014315,0.07142857142857142,1.0,0.0,0.0,0.0,0.0,0.0,0.0,0.0,13.0,0.07692307692307693
257,4.0,1.0,0.009354247013891785,0.25,1.0,0.0,0.0,0.0,0.0,0.0,0.0,0.0,1.0,0.0
258,4.0,1.0,0.00601035363299734,0.25,1.0,0.0,0.0,0.0,0.0,0.0,0.0,0.0,1.0,0.0
259,6.0,1.0,0.012452714306922939,0.16666666666666666,1.0,0.0,0.0,0.0,0.0,0.0,0.0,0.0,1.0,0.2
260,4.0,1.0,0.007383459908283873,0.25,1.0,0.0,0.0,0.0,0.0,0.0,0.0,0.0,1.0,0.0
261,4.0,1.0,0.009936042928769793,0.25,1.0,0.0,0.0,0.0,0.0,0.0,0.0,0.0,1.0,0.0
262,4.0,1.0,0.011827425530562182,0.25,1.0,0.0,0.0,0.0,0.0,0.0,0.0,0.0,0.0,0.0
263,13.0,1.0,0.017363069894915654,0.07692307692307693,1.0,0.0,0.0,0.0,0.0,0.0,0.0,0.0,1.0,1.6
264,6.0,1.0,0.01270508614010391,0.16666666666666666,1.0,0.0,0.0,0.0,0.0,0.0,0.0,0.0,1.0,0.2
265,6.0,3.0,0.9136438359454367,0.16666666666666666,1.0,0.0,0.0,0.0,0.0,0.0,0.0,0.0,2.0,0.0
266,9.0,6.0,1.2628036239958034,0.1111111111111111,1.0,0.0,0.0,0.0,0.0,0.0,0.0,0.0,2.0,0.5
267,14.0,3.0,1.5151861150874015,0.07142857142857142,1.0,0.0,0.0,0.0,0.0,0.0,0.0,0.0,2.0,1.3333333333333333
268,10.0,3.0,0.900630636949518,0.1,1.0,0.0,0.0,0.0,0.0,0.0,0.0,0.0,3.0,0.6666666666666666
269,9.0,4.0,1.0753512594924077,0.1111111111111111,1.0,0.0,0.0,0.0,0.0,0.0,0.0,0.0,2.0,0.5
270,7.0,3.0,0.7546654414808385,0.14285714285714285,1.0,0.0,0.0,0.0,0.0,0.0,0.0,0.0,3.0,0.16666666666666666
271,7.0,2.0,0.8068640777088751,0.14285714285714285,1.0,0.0,0.0,0.0,0.0,0.0,0.0,0.0,2.0,0.16666666666666666
272,13.0,5.0,1.6007343034664605,0.07692307692307693,1.0,0.0,0.0,0.0,0.0,0.0,0.0,0.0,2.0,1.1666666666666667
273,9.0,1.0,0.19779233669501373,0.8888888888888888,0.7777777777777778,0.0,0.0,0.0,0.0,0.5555555555555556,0.0,0.0,5.0,0.0
274,11.0,1.0,0.2755426456391675,0.7272727272727273,0.7272727272727273,0.0,0.0,0.0,0.0,0.5454545454545454,0.0,0.0,19.0,0.0
275,11.0,1.0,0.3337791976341071,0.7272727272727273,0.6363636363636364,0.0,0.0,0.0,0.0,0.36363636363636365,0.0,0.0,3.0,0.0
276,9.0,1.0,0.2583546795886722,0.6666666666666666,0.7777777777777778,0.0,0.0,0.0,0.0,0.6666666666666666,0.0,0.0,11.0,0.0
277,11.0,1.0,0.36045554949381914,0.8181818181818182,0.7272727272727273,0.0,0.0,0.0,0.0,0.6363636363636364,0.0,0.0,86.0,0.0
278,10.0,1.0,0.5159871148943083,0.7,0.8,0.0,0.0,0.0,0.0,0.4,0.0,0.0,4.0,0.0
279,12.0,1.0,0.4481139821243858,0.6666666666666666,0.75,0.0,0.0,0.0,0.0,0.3333333333333333,0.0,0.0,4.0,0.125
280,9.0,1.0,0.28886416829902745,0.7777777777777778,0.6666666666666666,0.0,0.0,0.0,0.0,0.4444444444444444,0.0,0.0,7.0,0.0
281,10.0,1.0,0.3736525194323024,0.8,0.9,0.0,0.1,0.1,1.0,0.6,0.0,5.8,37.0,0.125
282,7.0,1.0,0.02064439788690026,0.14285714285714285,1.0,0.0,1.0,1.0,1.0,0.0,0.0,53.57142857142857,5.0,0.0
283,5.0,1.0,0.014701506705940061,0.8,0.6,0.6,0.0,0.0,0.0,0.6,0.0,0.0,6.0,0.0
284,11.0,1.0,0.4022739516768999,1.0,0.9090909090909091,0.0,0.09090909090909091,0.09090909090909091,1.0,0.5454545454545454,0.0,5.2727272727272725,23.0,0.25
285,8.0,1.0,0.41019878978793073,0.875,0.875,0.0,0.125,0.125,1.0,0.5,0.0,7.25,10.0,0.0
286,117.0,4.0,0.340758114342773,0.008547008547008548,1.0,0.0,1.0,1.0,1.0,0.0,0.0,53.55555555555556,14.0,22.4
287,1203.0,23.0,0.351911741252,0.0008312551953449709,1.0,0.0,0.0,0.0,0.0,0.0,0.0,0.0,6.0,199.5
288,92.0,3.0,0.3049104988571511,0.09782608695652174,0.5543478260869565,0.5543478260869565,0.0,0.0,0.0,0.5543478260869565,0.0,0.0,6.0,0.0
289,50.0,2.0,0.3239982791116769,0.02,1.0,0.0,0.0,0.0,0.0,0.0,0.3,0.0,13.0,2.8461538461538463
290,73.0,2.0,0.29358488098539703,0.2191780821917808,1.0,1.0,0.0,0.0,0.0,1.0,0.0,0.0,3.0,0.0
291,11.0,1.0,0.5421241103509505,0.8181818181818182,0.9090909090909091,0.0,0.09090909090909091,0.09090909090909091,1.0,0.6363636363636364,0.0,5.2727272727272725,5.0,0.25
292,12.0,1.0,0.3179279222633032,1.0,0.9166666666666666,0.0,0.08333333333333333,0.08333333333333333,1.0,0.5833333333333334,0.0,4.833333333333333,4.0,0.375
293,10.0,1.0,0.5144797534621152,1.0,0.9,0.0,0.1,0.1,1.0,0.6,0.0,5.8,32.0,0.125
294,12.0,1.0,0.5369688925298028,1.0,0.9166666666666666,0.0,0.08333333333333333,0.08333333333333333,1.0,0.6666666666666666,0.0,4.833333333333333,143.0,0.375
295,11.0,1.0,0.36227492822167234,0.9090909090909091,0.9090909090909091,0.0,0.09090909090909091,0.09090909090909091,1.0,0.36363636363636365,0.0,5.2727272727272725,166.0,0.25
296,8.0,1.0,0.24321450258779545,1.0,1.0,0.0,0.0,0.0,0.0,0.5,0.0,0.0,4.0,0.0
297,7.0,1.0,0.23686451150298027,1.0,1.0,0.0,0.0,0.0,0.0,0.8571428571428571,0.0,0.0,6.0,0.0
298,6.0,1.0,0.2116211441217756,0.8333333333333334,1.0,0.0,0.0,0.0,0.0,0.6666666666666666,0.0,0.0,14.0,0.0
299,7.0,1.0,0.31429131000629534,1.0,1.0,0.0,0.0,0.0,0.0,1.0,0.0,0.0,3.0,0.0
300,7.0,1.0,0.27866134171383006,1.0,1.0,0.0,0.0,0.0,0.0,0.8571428571428571,0.0,0.0,3.0,0.0
301,8.0,1.0,0.3490169241369052,1.0,1.0,0.0,0.0,0.0,0.0,0.75,0.0,0.0,4.0,0.0
302,9.0,1.0,0.3081096459081207,0.7777777777777778,1.0,0.0,0.0,0.0,0.0,0.6666666666666666,0.0,0.0,12.0,0.125
303,7.0,1.0,0.1640726443006413,0.7142857142857143,1.0,0.0,0.0,0.0,0.0,0.8571428571428571,0.0,0.0,4.0,0.0
304,6.0,1.0,0.40389748639240675,1.0,1.0,0.0,0.0,0.0,0.0,0.8333333333333334,0.0,0.0,27.0,0.0
305,9.0,1.0,0.4602898495403786,0.8888888888888888,1.0,0.0,0.0,0.0,0.0,1.0,0.0,0.0,4.0,0.125
306,9.0,1.0,0.39195226289496626,0.8888888888888888,1.0,0.0,0.0,0.0,0.0,0.7777777777777778,0.0,0.0,19.0,0.125
307,8.0,1.0,0.42626159872040953,1.0,1.0,0.0,0.0,0.0,0.0,0.75,0.0,0.0,2.0,0.0
308,6.0,1.0,0.2100036890844679,1.0,1.0,0.0,0.0,0.0,0.0,1.0,0.0,0.0,6.0,0.0
309,8.0,1.0,0.2804505603984816,1.0,1.0,0.0,0.0,0.0,0.0,0.75,0.0,0.0,81.0,0.0
310,5.0,1.0,0.20621471025775917,0.8,1.0,0.0,0.0,0.0,0.0,0.8,0.0,0.0,3.0,0.0
311,7.0,1.0,0.2364833422390952,1.0,1.0,0.0,0.0,0.0,0.0,1.0,0.0,0.0,10.0,0.0
312,14.0,1.0,0.27926522992415115,0.07142857142857142,1.0,0.0,0.0,0.0,0.0,0.0,0.0,0.0,6.0,0.07692307692307693
313,13.0,1.0,0.4230666119876628,0.07692307692307693,1.0,0.0,0.0,0.0,0.0,0.0,0.0,0.0,24.0,0.0
314,12.0,1.0,0.2923088342812201,0.08333333333333333,1.0,0.0,0.0,0.0,0.0,0.0,0.0,0.0,3.0,0.0
315,12.0,1.0,0.3041236415905366,0.08333333333333333,1.0,0.0,0.0,0.0,0.0,0.0,0.0,0.0,5.0,0.0
316,13.0,1.0,0.3171524661335071,0.07692307692307693,1.0,0.0,0.0,0.0,0.0,0.0,0.0,0.0,3.0,0.0
317,13.0,1.0,0.27125985394477914,0.07692307692307693,1.0,0.0,0.0,0.0,0.0,0.0,0.0,0.0,28.0,0.0
318,13.0,1.0,0.3107105864028164,0.07692307692307693,1.0,0.0,0.0,0.0,0.0,0.0,0.0,0.0,6.0,0.0
319,12.0,1.0,0.30569878320814675,0.08333333333333333,1.0,0.0,0.0,0.0,0.0,0.0,0.0,0.0,13.0,0.0
320,4.0,1.0,0.0051662094543350615,0.25,1.0,0.0,0.0,0.0,0.0,0.0,0.0,0.0,16.0,0.0
321,4.0,1.0,0.0038675336553701607,0.25,1.0,0.0,0.0,0.0,0.0,0.0,0.0,0.0,1.0,0.0
322,6.0,1.0,0.010898315912755266,0.16666666666666666,1.0,0.0,0.0,0.0,0.0,0.0,0.0,0.0,1.0,0.2
323,4.0,1.0,0.006350451338200242,0.25,1.0,0.0,0.0,0.0,0.0,0.0,0.0,0.0,1.0,0.0
324,4.0,1.0,0.0022938869953294705,0.25,1.0,0.0,0.0,0.0,0.0,0.0,0.0,0.0,1.0,0.0
325,4.0,1.0,0.00823711523693839,0.25,1.0,0.0,0.0,0.0,0.0,0.0,0.0,0.0,1.0,0.0
326,12.0,1.0,0.02770599640344587,0.08333333333333333,1.0,0.0,0.0,0.0,0.0,0.0,0.0,0.0,2.0,1.4
327,6.0,1.0,0.01020290585179121,0.16666666666666666,1.0,0.0,0.0,0.0,0.0,0.0,0.0,0.0,3.0,0.2
328,12.0,3.0,1.4006456445600628,0.08333333333333333,1.0,0.0,0.0,0.0,0.0,0.0,0.0,0.0,69.0,1.0
329,8.0,3.0,1.3068132994657098,0.125,1.0,0.0,0.0,0.0,0.0,0.0,0.0,0.0,11.0,0.3333333333333333
330,4.0,1.0,0.3463356631135745,0.25,1.0,0.0,0.0,0.0,0.0,0.0,0.0,0.0,3.0,0.0
331,11.0,6.0,1.4794317935134285,0.09090909090909091,1.0,0.0,0.0,0.0,0.0,0.0,0.0,0.0,3.0,0.8333333333333334
332,7.0,4.0,0.996814966206813,0.14285714285714285,1.0,0.0,0.0,0.0,0.0,0.0,0.0,0.0,4.0,0.16666666666666666
333,4.0,1.0,0.21408450321511208,0.25,1.0,0.0,0.0,0.0,0.0,0.0,0.0,0.0,3.0,0.0
334,11.0,4.0,1.4929644558357722,0.09090909090909091,1.0,0.0,0.0,0.0,0.0,0.0,0.0,0.0,4.0,0.8333333333333334
335,17.0,5.0,1.7640456905507162,0.058823529411764705,1.0,0.0,0.0,0.0,0.0,0.0,0.0,0.0,18.0,1.8333333333333333
336,11.0,1.0,0.3131267846069172,0.8181818181818182,0.7272727272727273,0.0,0.0,0.0,0.0,0.5454545454545454,0.0,0.0,2.0,0.0
337,11.0,1.0,0.15435208617369967,0.7272727272727273,0.8181818181818182,0.0,0.0,0.0,0.0,0.6363636363636364,0.0,0.0,9.0,0.125
338,10.0,1.0,0.3748827487087665,0.7,0.6,0.0,0.0,0.0,0.0,0.6,0.0,0.0,3.0,0.0
339,10.0,1.0,0.37862914971143746,0.8,0.7,0.0,0.0,0.0,0.0,0.6,0.0,0.0,2.0,0.0
340,10.0,1.0,0.3182467051504042,0.7,0.6,0.0,0.0,0.0,0.0,0.4,0.0,0.0,2.0,0.0
341,11.0,1.0,0.3721481492679403,0.6363636363636364,0.7272727272727273,0.0,0.0,0.0,0.0,0.5454545454545454,0.0,0.0,3.0,0.0
342,11.0,1.0,0.4139788200499382,0.7272727272727273,0.6363636363636364,0.0,0.0,0.0,0.0,0.5454545454545454,0.0,0.0,10.0,0.0
343,9.0,1.0,0.2546258429711248,0.8888888888888888,0.7777777777777778,0.0,0.0,0.0,0.0,0.5555555555555556,0.0,0.0,3.0,0.0
344,9.0,1.0,0.2973112254091506,1.0,1.0,0.0,0.0,0.0,0.0,0.7777777777777778,0.0,0.0,2.0,0.0
345,8.0,1.0,0.0288101260744421,0.125,1.0,0.0,1.0,1.0,1.0,0.0,0.0,53.75,2.0,0.6
346,5.0,1.0,0.02606463898380797,0.8,0.6,0.6,0.0,0.0,0.0,0.6,0.0,0.0,1.0,0.0
347,7.0,1.0,0.2125681703578526,1.0,1.0,0.0,0.0,0.0,0.0,0.5714285714285714,0.0,0.0,2.0,0.0
348,10.0,1.0,0.28411997579335413,1.0,1.0,0.0,0.0,0.0,0.0,0.7,0.0,0.0,2.0,0.0
349,121.0,4.0,0.3483714246288225,0.008264462809917356,1.0,0.0,1.0,1.0,1.0,0.0,0.0,53.63636363636363,3.0,23.2
350,1215.0,23.0,0.3430090101204242,0.0008230452674897119,1.0,0.0,0.0,0.0,0.0,0.0,0.0,0.0,3.0,134.0
351,95.0,3.0,0.36155836943417197,0.09473684210526316,0.47368421052631576,0.47368421052631576,0.0,0.0,0.0,0.47368421052631576,0.0,0.0,6.0,0.0
352,49.0,2.0,0.3891680011293921,0.02040816326530612,1.0,0.0,0.0,0.0,0.0,0.0,0.32653061224489793,0.0,3.0,2.769230769230769
353,75.0,2.0,0.2816280171351688,0.2,1.0,1.0,0.0,0.0,0.0,1.0,0.0,0.0,2.0,0.0
354,11.0,1.0,0.33552146186022663,0.8181818181818182,1.0,0.0,0.0,0.0,0.0,0.45454545454545453,0.0,0.0,11.0,0.1
355,7.0,1.0,0.2914283143563165,0.8571428571428571,1.0,0.0,0.0,0.0,0.0,0.8571428571428571,0.0,0.0,2.0,0.0
356,9.0,1.0,0.29868017211213926,0.8888888888888888,1.0,0.0,0.0,0.0,0.0,0.4444444444444444,0.0,0.0,3.0,0.0
357,8.0,1.0,0.3537442903508746,0.875,1.0,0.0,0.0,0.0,0.0,0.25,0.0,0.0,2.0,0.0
358,8.0,1.0,0.26237791164983876,0.75,1.0,0.0,0.0,0.0,0.0,0.625,0.0,0.0,2.0,0.0
359,7.0,1.0,0.23310791804521472,0.8571428571428571,1.0,0.0,0.0,0.0,0.0,0.8571428571428571,0.0,0.0,4.0,0.0
360,7.0,1.0,0.2563112514377509,1.0,1.0,0.0,0.0,0.0,0.0,0.7142857142857143,0.0,0.0,4.0,0.0
361,7.0,1.0,0.2383260721668448,1.0,1.0,0.0,0.0,0.0,0.0,0.7142857142857143,0.0,0.0,2.0,0.0
362,8.0,1.0,0.33847311008583597,0.875,1.0,0.0,0.0,0.0,0.0,0.5,0.0,0.0,3.0,0.0
363,7.0,1.0,0.19735961936933474,1.0,1.0,0.0,0.0,0.0,0.0,0.5714285714285714,0.0,0.0,3.0,0.0
364,8.0,1.0,0.3041401941550056,1.0,1.0,0.0,0.0,0.0,0.0,0.625,0.0,0.0,3.0,0.0
365,7.0,1.0,0.3346269559430217,1.0,1.0,0.0,0.0,0.0,0.0,0.8571428571428571,0.0,0.0,2.0,0.0
366,7.0,1.0,0.2782524342740428,0.8571428571428571,1.0,0.0,0.0,0.0,0.0,1.0,0.0,0.0,2.0,0.0
367,7.0,1.0,0.3172734202933996,1.0,1.0,0.0,0.0,0.0,0.0,0.8571428571428571,0.0,0.0,2.0,0.0
368,7.0,1.0,0.27613088178436834,1.0,1.0,0.0,0.0,0.0,0.0,0.7142857142857143,0.0,0.0,2.0,0.0
369,6.0,1.0,0.3704049970959754,1.0,1.0,0.0,0.0,0.0,0.0,1.0,0.0,0.0,16.0,0.0
370,7.0,1.0,0.34443624578308313,1.0,1.0,0.0,0.0,0.0,0.0,0.5714285714285714,0.0,0.0,2.0,0.0
371,8.0,1.0,0.3151002621777536,1.0,1.0,0.0,0.0,0.0,0.0,0.875,0.0,0.0,3.0,0.0
372,6.0,1.0,0.26190909834609244,0.8333333333333334,1.0,0.0,0.0,0.0,0.0,0.8333333333333334,0.0,0.0,2.0,0.0
373,8.0,1.0,0.5017964277504043,1.0,1.0,0.0,0.0,0.0,0.0,1.0,0.0,0.0,2.0,0.0
374,7.0,1.0,0.2564232618252394,1.0,1.0,0.0,0.0,0.0,0.0,1.0,0.0,0.0,2.0,0.0
375,14.0,1.0,0.32230631903616264,0.07142857142857142,1.0,0.0,0.0,0.0,0.0,0.0,0.0,0.0,16.0,0.07692307692307693
376,12.0,1.0,0.21650691489355073,0.08333333333333333,1.0,0.0,0.0,0.0,0.0,0.0,0.0,0.0,4.0,0.0
377,16.0,1.0,0.3987889483107097,0.0625,1.0,0.0,0.0,0.0,0.0,0.0,0.0,0.0,10.0,0.23076923076923078
378,15.0,1.0,0.3823234366141412,0.06666666666666667,1.0,0.0,0.0,0.0,0.0,0.0,0.0,0.0,2.0,0.15384615384615385
379,13.0,1.0,0.29701273697000724,0.07692307692307693,1.0,0.0,0.0,0.0,0.0,0.0,0.0,0.0,1.0,0.0
380,12.0,1.0,0.32923645199681784,0.08333333333333333,1.0,0.0,0.0,0.0,0.0,0.0,0.0,0.0,2.0,0.0
381,13.0,1.0,0.336012350206259,0.07692307692307693,1.0,0.0,0.0,0.0,0.0,0.0,0.0,0.0,3.0,0.0
382,12.0,1.0,0.20234200188420198,0.08333333333333333,1.0,0.0,0.0,0.0,0.0,0.0,0.0,0.0,4.0,0.0
383,4.0,1.0,0.007966439248610884,0.25,1.0,0.0,0.0,0.0,0.0,0.0,0.0,0.0,1.0,0.0
384,4.0,1.0,0.0022572918987587612,0.25,1.0,0.0,0.0,0.0,0.0,0.0,0.0,0.0,2.0,0.0
385,6.0,1.0,0.01287455235819364,0.16666666666666666,1.0,0.0,0.0,0.0,0.0,0.0,0.0,0.0,1.0,0.2
386,4.0,1.0,0.006979677381111003,0.25,1.0,0.0,0.0,0.0,0.0,0.0,0.0,0.0,1.0,0.0
387,4.0,1.0,0.0032627282922450727,0.25,1.0,0.0,0.0,0.0,0.0,0.0,0.0,0.0,1.0,0.0
388,4.0,1.0,0.008919466328341785,0.25,1.0,0.0,0.0,0.0,0.0,0.0,0.0,0.0,1.0,0.0
389,12.0,1.0,0.024667938949954744,0.08333333333333333,1.0,0.0,0.0,0.0,0.0,0.0,0.0,0.0,2.0,1.4
390,6.0,1.0,0.010292166571957681,0.16666666666666666,1.0,0.0,0.0,0.0,0.0,0.0,0.0,0.0,1.0,0.2
391,15.0,4.0,1.6747951418235199,0.06666666666666667,1.0,0.0,0.0,0.0,0.0,0.0,0.0,0.0,2.0,0.6666666666666666
392,6.0,2.0,0.8167925261065937,0.16666666666666666,1.0,0.0,0.0,0.0,0.0,0.0,0.0,0.0,3.0,0.0
393,9.0,3.0,0.9774187377714534,0.1111111111111111,1.0,0.0,0.0,0.0,0.0,0.0,0.0,0.0,3.0,0.0
394,11.0,3.0,1.511262266382998,0.09090909090909091,1.0,0.0,0.0,0.0,0.0,0.0,0.0,0.0,2.0,0.2222222222222222
395,5.0,1.0,0.2671040892820631,0.2,1.0,0.0,0.0,0.0,0.0,0.0,0.0,0.0,1.0,0.0
396,13.0,4.0,1.6942762374556481,0.07692307692307693,1.0,0.0,0.0,0.0,0.0,0.0,0.0,0.0,4.0,0.4444444444444444
397,14.0,3.0,1.221214324396869,0.07142857142857142,1.0,0.0,0.0,0.0,0.0,0.0,0.0,0.0,2.0,0.5555555555555556
398,4.0,1.0,0.33523197502965435,0.25,1.0,0.0,0.0,0.0,0.0,0.0,0.0,0.0,2.0,0.0
399,8.0,1.0,0.2522250901006975,0.75,0.75,0.0,0.0,0.0,0.0,0.375,0.0,0.0,3.0,0.0
400,11.0,1.0,0.2311335559135554,0.7272727272727273,0.6363636363636364,0.0,0.0,0.0,0.0,0.2727272727272727,0.0,0.0,2.0,0.0
401,11.0,1.0,0.5280460008880545,0.6363636363636364,0.7272727272727273,0.0,0.0,0.0,0.0,0.5454545454545454,0.0,0.0,2.0,0.0
402,11.0,1.0,0.378525533440983,0.8181818181818182,0.7272727272727273,0.0,0.0,0.0,0.0,0.5454545454545454,0.0,0.0,2.0,0.0
403,12.0,1.0,0.25287128118113095,0.8333333333333334,0.75,0.0,0.0,0.0,0.0,0.5833333333333334,0.0,0.0,15.0,0.0
404,11.0,1.0,0.4197330673711424,0.8181818181818182,0.8181818181818182,0.0,0.0,0.0,0.0,0.36363636363636365,0.0,0.0,2.0,0.0
405,9.0,1.0,0.3708298159537063,0.7777777777777778,0.6666666666666666,0.0,0.0,0.0,0.0,0.5555555555555556,0.0,0.0,3.0,0.0
406,10.0,1.0,0.29647637688861467,0.8,0.7,0.0,0.0,0.0,0.0,0.4,0.0,0.0,2.0,0.0
407,7.0,1.0,0.16278661850785642,0.8571428571428571,1.0,0.0,0.0,0.0,0.0,0.5714285714285714,0.0,0.0,3.0,0.0
408,7.0,1.0,0.030067758541571073,0.14285714285714285,1.0,0.0,1.0,1.0,1.0,0.0,0.0,53.714285714285715,3.0,0.4
409,5.0,1.0,0.014650802971178661,1.0,0.4,0.4,0.0,0.0,0.0,0.4,0.0,0.0,6.0,0.0
410,10.0,1.0,0.351877553140271,0.8,1.0,0.0,0.0,0.0,0.0,0.7,0.0,0.0,3.0,0.0
411,8.0,1.0,0.26768418454881315,1.0,1.0,0.0,0.0,0.0,0.0,0.625,0.0,0.0,2.0,0.0
412,122.0,4.0,0.3587507086815231,0.00819672131147541,1.0,0.0,1.0,1.0,1.0,0.0,0.0,53.71311475409836,3.0,23.4
413,1181.0,24.0,0.34404856823599833,0.000846740050804403,1.0,0.0,0.0,0.0,0.0,0.0,0.0,0.0,3.0,130.22222222222223
414,93.0,3.0,0.32603070262573697,0.0967741935483871,0.4731182795698925,0.4731182795698925,0.0,0.0,0.0,0.4731182795698925,0.0,0.0,6.0,0.0
415,44.0,2.0,0.3244103689411873,0.022727272727272728,1.0,0.0,0.0,0.0,0.0,0.0,0.3181818181818182,0.0,3.0,2.3846153846153846
416,73.0,2.0,0.29238764880422236,0.2191780821917808,1.0,1.0,0.0,0.0,0.0,1.0,0.0,0.0,1.0,0.0
417,9.0,1.0,0.374013958934406,0.8888888888888888,1.0,0.0,0.0,0.0,0.0,0.6666666666666666,0.0,0.0,3.0,0.0
418,8.0,1.0,0.18457241612489353,0.875,1.0,0.0,0.0,0.0,0.0,0.75,0.0,0.0,2.0,0.0
419,8.0,1.0,0.15998439132052134,0.875,1.0,0.0,0.0,0.0,0.0,0.75,0.0,0.0,2.0,0.0
420,7.0,1.0,0.2413867257109548,0.8571428571428571,1.0,0.0,0.0,0.0,0.0,0.8571428571428571,0.0,0.0,2.0,0.0
421,8.0,1.0,0.36363596722715696,1.0,1.0,0.0,0.0,0.0,0.0,1.0,0.0,0.0,11.0,0.0
422,8.0,1.0,0.33011048962601536,1.0,1.0,0.0,0.0,0.0,0.0,0.75,0.0,0.0,3.0,0.0
423,7.0,1.0,0.23910927065054952,1.0,1.0,0.0,0.0,0.0,0.0,0.42857142857142855,0.0,0.0,3.0,0.0
424,7.0,1.0,0.30210850219933233,1.0,1.0,0.0,0.0,0.0,0.0,0.42857142857142855,0.0,0.0,2.0,0.0
425,9.0,1.0,0.35721808894230045,0.8888888888888888,1.0,0.0,0.0,0.0,0.0,0.6666666666666666,0.0,0.0,3.0,0.0
426,6.0,1.0,0.08414723973695658,0.8333333333333334,1.0,0.0,0.0,0.0,0.0,0.8333333333333334,0.0,0.0,3.0,0.0
427,7.0,1.0,0.2540050007480349,0.8571428571428571,1.0,0.0,0.0,0.0,0.0,0.5714285714285714,0.0,0.0,2.0,0.0
428,7.0,1.0,0.285085193756219,0.8571428571428571,1.0,0.0,0.0,0.0,0.0,0.42857142857142855,0.0,0.0,4.0,0.0
429,10.0,1.0,0.2654638521297349,0.9,1.0,0.0,0.0,0.0,0.0,0.7,0.0,0.0,3.0,0.0
430,7.0,1.0,0.4106879834090915,1.0,1.0,0.0,0.0,0.0,0.0,0.8571428571428571,0.0,0.0,3.0,0.0
431,8.0,1.0,0.37826797807130486,1.0,1.0,0.0,0.0,0.0,0.0,0.75,0.0,0.0,3.0,0.0
432,7.0,1.0,0.361889980864553,1.0,1.0,0.0,0.0,0.0,0.0,0.8571428571428571,0.0,0.0,2.0,0.0
433,8.0,1.0,0.3400219128134175,1.0,1.0,0.0,0.0,0.0,0.0,0.5,0.0,0.0,2.0,0.0
434,6.0,1.0,0.4179451281994729,1.0,1.0,0.0,0.0,0.0,0.0,1.0,0.0,0.0,2.0,0.0
435,10.0,1.0,0.4382192685401384,0.9,1.0,0.0,0.0,0.0,0.0,0.6,0.0,0.0,3.0,0.0
436,7.0,1.0,0.4275150114689876,1.0,1.0,0.0,0.0,0.0,0.0,0.7142857142857143,0.0,0.0,2.0,0.0
437,6.0,1.0,0.25466695304919434,0.6666666666666666,1.0,0.0,0.0,0.0,0.0,0.8333333333333334,0.0,0.0,1.0,0.0
438,11.0,1.0,0.2417734470842609,0.09090909090909091,1.0,0.0,0.0,0.0,0.0,0.0,0.0,0.0,2.0,0.0
439,12.0,1.0,0.28231310167002743,0.08333333333333333,1.0,0.0,0.0,0.0,0.0,0.0,0.0,0.0,3.0,0.0
440,13.0,1.0,0.2670555122204136,0.07692307692307693,1.0,0.0,0.0,0.0,0.0,0.0,0.0,0.0,2.0,0.0
441,12.0,1.0,0.3364205638735827,0.08333333333333333,1.0,0.0,0.0,0.0,0.0,0.0,0.0,0.0,2.0,0.0
442,14.0,1.0,0.3643836811348174,0.07142857142857142,1.0,0.0,0.0,0.0,0.0,0.0,0.0,0.0,4.0,0.0
443,13.0,1.0,0.2307243539705912,0.07692307692307693,1.0,0.0,0.0,0.0,0.0,0.0,0.0,0.0,3.0,0.0
444,12.0,1.0,0.23761456727518668,0.08333333333333333,1.0,0.0,0.0,0.0,0.0,0.0,0.0,0.0,2.0,0.0
445,14.0,1.0,0.35260802258676677,0.07142857142857142,1.0,0.0,0.0,0.0,0.0,0.0,0.0,0.0,3.0,0.0
446,4.0,1.0,0.008497358651611896,0.25,1.0,0.0,0.0,0.0,0.0,0.0,0.0,0.0,1.0,0.0
447,4.0,1.0,0.002778088532730458,0.25,1.0,0.0,0.0,0.0,0.0,0.0,0.0,0.0,1.0,0.0
448,6.0,1.0,0.0056024939293140615,0.16666666666666666,1.0,0.0,0.0,0.0,0.0,0.0,0.0,0.0,2.0,0.2
449,4.0,1.0,0.008539374157739464,0.25,1.0,0.0,0.0,0.0,0.0,0.0,0.0,0.0,1.0,0.0
450,4.0,1.0,0.0010917026835866829,0.25,1.0,0.0,0.0,0.0,0.0,0.0,0.0,0.0,3.0,0.0
451,4.0,1.0,0.0033516104412630488,0.25,1.0,0.0,0.0,0.0,0.0,0.0,0.0,0.0,1.0,0.0
452,12.0,1.0,0.021587741696789776,0.08333333333333333,1.0,0.0,0.0,0.0,0.0,0.0,0.0,0.0,1.0,1.4
453,6.0,1.0,0.009379229047344704,0.16666666666666666,1.0,0.0,0.0,0.0,0.0,0.0,0.0,0.0,2.0,0.0
454,8.0,4.0,1.1339837244620101,0.125,1.0,0.0,0.0,0.0,0.0,0.0,0.0,0.0,4.0,0.0
455,13.0,5.0,1.6266040064049274,0.07692307692307693,1.0,0.0,0.0,0.0,0.0,0.0,0.0,0.0,3.0,0.4444444444444444
456,8.0,5.0,1.332624176110055,0.125,1.0,0.0,0.0,0.0,0.0,0.0,0.0,0.0,3.0,0.0
457,11.0,5.0,1.287270733439823,0.09090909090909091,1.0,0.0,0.0,0.0,0.0,0.0,0.0,0.0,12.0,0.2222222222222222
458,18.0,5.0,1.7255316495539035,0.05555555555555555,1.0,0.0,0.0,0.0,0.0,0.0,0.0,0.0,10.0,1.0
459,11.0,4.0,1.2108733228069972,0.09090909090909091,1.0,0.0,0.0,0.0,0.0,0.0,0.0,0.0,4.0,0.2222222222222222
460,9.0,4.0,1.2392641578882062,0.1111111111111111,1.0,0.0,0.0,0.0,0.0,0.0,0.0,0.0,3.0,0.0
461,9.0,3.0,1.0047048899614266,0.1111111111111111,1.0,0.0,0.0,0.0,0.0,0.0,0.0,0.0,4.0,0.0
462,9.0,1.0,0.21907175459564085,0.6666666666666666,0.7777777777777778,0.0,0.0,0.0,0.0,0.4444444444444444,0.0,0.0,3.0,0.0
463,11.0,1.0,0.3800205362376805,0.8181818181818182,0.7272727272727273,0.0,0.0,0.0,0.0,0.36363636363636365,0.0,0.0,2.0,0.0
464,12.0,1.0,0.38567343387428205,0.6666666666666666,0.6666666666666666,0.0,0.0,0.0,0.0,0.4166666666666667,0.0,0.0,18.0,0.0
465,11.0,1.0,0.3314589034659116,0.8181818181818182,0.7272727272727273,0.0,0.0,0.0,0.0,0.36363636363636365,0.0,0.0,2.0,0.0
466,11.0,1.0,0.3109548849347554,0.8181818181818182,0.7272727272727273,0.0,0.0,0.0,0.0,0.45454545454545453,0.0,0.0,17.0,0.0
467,9.0,1.0,0.3044241082406261,0.6666666666666666,0.6666666666666666,0.0,0.0,0.0,0.0,0.3333333333333333,0.0,0.0,3.0,0.0
468,9.0,1.0,0.4475819368894763,0.7777777777777778,0.6666666666666666,0.0,0.0,0.0,0.0,0.4444444444444444,0.0,0.0,8.0,0.0
469,12.0,1.0,0.3447266497921604,0.75,0.75,0.0,0.0,0.0,0.0,0.16666666666666666,0.0,0.0,2.0,0.0
470,8.0,1.0,0.31774967028406825,0.875,1.0,0.0,0.0,0.0,0.0,0.75,0.0,0.0,4.0,0.0
471,8.0,1.0,0.021882721517968336,0.125,1.0,0.0,1.0,1.0,1.0,0.0,0.0,53.25,3.0,0.6
472,5.0,1.0,0.014124861750613059,0.8,0.8,0.8,0.0,0.0,0.0,0.8,0.0,0.0,2.0,0.0
473,9.0,1.0,0.25222433066003813,1.0,1.0,0.0,0.0,0.0,0.0,1.0,0.0,0.0,3.0,0.0
474,9.0,1.0,0.2117642795460916,1.0,1.0,0.0,0.0,0.0,0.0,0.5555555555555556,0.0,0.0,5.0,0.0
475,116.0,3.0,0.345957173886448,0.008620689655172414,1.0,0.0,1.0,1.0,1.0,0.0,0.0,53.73275862068966,4.0,22.2
476,1203.0,23.0,0.3537491375224562,0.0008312551953449709,1.0,0.0,0.0,0.0,0.0,0.0,0.0,0.0,4.0,132.66666666666666
477,91.0,3.0,0.2944038055597342,0.0989010989010989,0.45054945054945056,0.45054945054945056,0.0,0.0,0.0,0.45054945054945056,0.0,0.0,6.0,0.0
478,49.0,2.0,0.3937539005672887,0.02040816326530612,1.0,0.0,0.0,0.0,0.0,0.0,0.4897959183673469,0.0,5.0,2.0625
479,75.0,2.0,0.28215620085584275,0.21333333333333335,1.0,1.0,0.0,0.0,0.0,1.0,0.0,0.0,2.0,0.0
480,8.0,1.0,0.23074884163317974,0.875,1.0,0.0,0.0,0.0,0.0,0.625,0.0,0.0,2.0,0.0
481,8.0,1.0,0.35175611892118874,1.0,1.0,0.0,0.0,0.0,0.0,0.5,0.0,0.0,7.0,0.0
482,8.0,1.0,0.2733407296176334,1.0,1.0,0.0,0.0,0.0,0.0,0.75,0.0,0.0,4.0,0.0
483,8.0,1.0,0.365468662338751,0.875,1.0,0.0,0.0,0.0,0.0,0.875,0.0,0.0,2.0,0.0
484,8.0,1.0,0.40943007459444264,0.75,1.0,0.0,0.0,0.0,0.0,0.375,0.0,0.0,11.0,0.0
485,8.0,1.0,0.2767341545296448,1.0,1.0,0.0,0.0,0.0,0.0,0.75,0.0,0.0,4.0,0.0
486,6.0,1.0,0.2139816889885761,1.0,1.0,0.0,0.0,0.0,0.0,0.8333333333333334,0.0,0.0,2.0,0.0
487,9.0,1.0,0.2904183506160774,1.0,1.0,0.0,0.0,0.0,0.0,0.8888888888888888,0.0,0.0,6.0,0.0
488,7.0,1.0,0.2580580771146413,0.8571428571428571,1.0,0.0,0.0,0.0,0.0,0.7142857142857143,0.0,0.0,4.0,0.0
489,6.0,1.0,0.17769790458896248,1.0,1.0,0.0,0.0,0.0,0.0,0.6666666666666666,0.0,0.0,2.0,0.0
490,8.0,1.0,0.3726455828838534,0.875,1.0,0.0,0.0,0.0,0.0,1.0,0.0,0.0,5.0,0.0
491,8.0,1.0,0.3645297022623258,0.75,1.0,0.0,0.0,0.0,0.0,0.625,0.0,0.0,4.0,0.0
492,7.0,1.0,0.2343137843805502,0.8571428571428571,1.0,0.0,0.0,0.0,0.0,0.7142857142857143,0.0,0.0,3.0,0.0
493,7.0,1.0,0.3738501680526242,1.0,1.0,0.0,0.0,0.0,0.0,0.8571428571428571,0.0,0.0,2.0,0.0
494,6.0,1.0,0.34162753842026045,1.0,1.0,0.0,0.0,0.0,0.0,0.6666666666666666,0.0,0.0,3.0,0.0
495,8.0,1.0,0.18204163839825216,1.0,1.0,0.0,0.0,0.0,0.0,0.5,0.0,0.0,10.0,0.0
496,6.0,1.0,0.2709353659246318,1.0,1.0,0.0,0.0,0.0,0.0,0.5,0.0,0.0,4.0,0.0
497,9.0,1.0,0.49844413781948793,1.0,1.0,0.0,0.0,0.0,0.0,1.0,0.0,0.0,4.0,0.0
498,8.0,1.0,0.24295198859879535,1.0,1.0,0.0,0.0,0.0,0.0,0.625,0.0,0.0,3.0,0.0
499,7.0,1.0,0.33272998827994205,1.0,1.0,0.0,0.0,0.0,0.0,1.0,0.0,0.0,2.0,0.0
500,8.0,1.0,0.39794376130268777,1.0,1.0,0.0,0.0,0.0,0.0,0.875,0.0,0.0,12.0,0.0
501,13.0,1.0,0.320418555679799,0.07692307692307693,1.0,0.0,0.0,0.0,0.0,0.0,0.0,0.0,2.0,0.0
502,13.0,1.0,0.25407038985027924,0.07692307692307693,1.0,0.0,0.0,0.0,0.0,0.0,0.0,0.0,5.0,0.0
503,13.0,1.0,0.2309537528423916,0.07692307692307693,1.0,0.0,0.0,0.0,0.0,0.0,0.0,0.0,3.0,0.0
504,14.0,1.0,0.3157635415398777,0.07142857142857142,1.0,0.0,0.0,0.0,0.0,0.0,0.0,0.0,10.0,0.0
505,13.0,1.0,0.282690651159284,0.07692307692307693,1.0,0.0,0.0,0.0,0.0,0.0,0.0,0.0,19.0,0.0
506,12.0,1.0,0.22600211815020865,0.08333333333333333,1.0,0.0,0.0,0.0,0.0,0.0,0.0,0.0,7.0,0.0
507,15.0,1.0,0.35219708344750505,0.06666666666666667,1.0,0.0,0.0,0.0,0.0,0.0,0.0,0.0,11.0,0.0
508,14.0,1.0,0.27142808603462604,0.07142857142857142,1.0,0.0,0.0,0.0,0.0,0.0,0.0,0.0,4.0,0.0
509,4.0,1.0,0.008108569381661022,0.25,1.0,0.0,0.0,0.0,0.0,0.0,0.0,0.0,1.0,0.0
510,4.0,1.0,0.0009897959827384088,0.25,1.0,0.0,0.0,0.0,0.0,0.0,0.0,0.0,1.0,0.0
511,6.0,1.0,0.012816083378760348,0.16666666666666666,1.0,0.0,0.0,0.0,0.0,0.0,0.0,0.0,3.0,0.0
512,4.0,1.0,0.007830165334955425,0.25,1.0,0.0,0.0,0.0,0.0,0.0,0.0,0.0,2.0,0.0
513,4.0,1.0,0.0036280549912642494,0.25,1.0,0.0,0.0,0.0,0.0,0.0,0.0,0.0,1.0,0.0
514,4.0,1.0,0.004633041749028321,0.25,1.0,0.0,0.0,0.0,0.0,0.0,0.0,0.0,1.0,0.0
515,12.0,1.0,0.02828395805653616,0.08333333333333333,1.0,0.0,0.0,0.0,0.0,0.0,0.0,0.0,1.0,0.7142857142857143
516,6.0,1.0,0.010308360734626232,0.16666666666666666,1.0,0.0,0.0,0.0,0.0,0.0,0.0,0.0,3.0,0.0
517,8.0,5.0,1.1650417704814493,0.125,1.0,0.0,0.0,0.0,0.0,0.0,0.0,0.0,3.0,0.0
518,6.0,3.0,0.840633233603002,0.16666666666666666,1.0,0.0,0.0,0.0,0.0,0.0,0.0,0.0,2.0,0.0
519,9.0,3.0,1.1314105957629328,0.1111111111111111,1.0,0.0,0.0,0.0,0.0,0.0,0.0,0.0,4.0,0.0
520,6.0,3.0,0.857500623942594,0.16666666666666666,1.0,0.0,0.0,0.0,0.0,0.0,0.0,0.0,2.0,0.0
521,8.0,3.0,1.107875290291258,0.125,1.0,0.0,0.0,0.0,0.0,0.0,0.0,0.0,3.0,0.0
522,8.0,4.0,0.8894155823150178,0.125,1.0,0.0,0.0,0.0,0.0,0.0,0.0,0.0,3.0,0.0
523,10.0,4.0,1.4767148259980323,0.1,1.0,0.0,0.0,0.0,0.0,0.0,0.0,0.0,4.0,0.1111111111111111
524,13.0,4.0,1.7281246149929834,0.07692307692307693,1.0,0.0,0.0,0.0,0.0,0.0,0.0,0.0,3.0,0.4444444444444444
525,9.0,1.0,0.44863518537720204,0.7777777777777778,0.6666666666666666,0.0,0.0,0.0,0.0,0.3333333333333333,0.0,0.0,47.0,0.0
526,12.0,1.0,0.3561234359587357,0.8333333333333334,0.75,0.0,0.0,0.0,0.0,0.5,0.0,0.0,3.0,0.0
527,9.0,1.0,0.3440768626069609,0.8888888888888888,0.7777777777777778,0.0,0.0,0.0,0.0,0.4444444444444444,0.0,0.0,9.0,0.0
528,11.0,1.0,0.24124124263980107,0.6363636363636364,0.7272727272727273,0.0,0.0,0.0,0.0,0.5454545454545454,0.0,0.0,3.0,0.0
529,12.0,1.0,0.5305656483244516,0.75,0.75,0.0,0.0,0.0,0.0,0.5,0.0,0.0,4.0,0.0
530,9.0,1.0,0.23008842367127005,0.8888888888888888,0.7777777777777778,0.0,0.0,0.0,0.0,0.6666666666666666,0.0,0.0,2.0,0.0
531,12.0,1.0,0.44163038080215117,0.75,0.6666666666666666,0.0,0.0,0.0,0.0,0.3333333333333333,0.0,0.0,2.0,0.0
532,11.0,1.0,0.49101856550556056,0.7272727272727273,0.6363636363636364,0.0,0.0,0.0,0.0,0.2727272727272727,0.0,0.0,6.0,0.0
533,7.0,1.0,0.10671177984247908,0.7142857142857143,1.0,0.0,0.0,0.0,0.0,0.5714285714285714,0.0,0.0,10.0,0.0
534,7.0,1.0,0.018698742335801845,0.14285714285714285,1.0,0.0,1.0,1.0,1.0,0.0,0.0,54.285714285714285,2.0,0.4
535,5.0,1.0,0.02728944743988111,0.8,0.4,0.4,0.0,0.0,0.0,0.4,0.0,0.0,5.0,0.0
536,8.0,1.0,0.23932538858087044,1.0,1.0,0.0,0.0,0.0,0.0,0.75,0.0,0.0,1.0,0.0
537,8.0,1.0,0.274309834799786,0.875,1.0,0.0,0.0,0.0,0.0,0.875,0.0,0.0,12.0,0.0
538,124.0,4.0,0.36545851454340095,0.008064516129032258,1.0,0.0,1.0,1.0,1.0,0.0,0.0,53.70967741935484,4.0,23.8
539,1183.0,24.0,0.3462858689268029,0.0008453085376162299,1.0,0.0,0.0,0.0,0.0,0.0,0.0,0.0,3.0,130.44444444444446
540,92.0,3.0,0.29351567718417204,0.09782608695652174,0.5543478260869565,0.5543478260869565,0.0,0.0,0.0,0.5543478260869565,0.0,0.0,6.0,0.0
541,51.0,2.0,0.3833864713155784,0.0196078431372549,1.0,0.0,0.0,0.0,0.0,0.0,0.43137254901960786,0.0,3.0,2.1875
542,77.0,2.0,0.3051202015273796,0.2077922077922078,1.0,1.0,0.0,0.0,0.0,1.0,0.0,0.0,2.0,0.0
543,8.0,1.0,0.18417208992796288,1.0,1.0,0.0,0.0,0.0,0.0,0.625,0.0,0.0,3.0,0.0
544,9.0,1.0,0.3581379890726457,1.0,1.0,0.0,0.0,0.0,0.0,0.8888888888888888,0.0,0.0,2.0,0.0
545,9.0,1.0,0.30680556518182983,0.8888888888888888,1.0,0.0,0.0,0.0,0.0,0.8888888888888888,0.0,0.0,2.0,0.0
546,8.0,1.0,0.2147777821180816,0.875,1.0,0.0,0.0,0.0,0.0,0.375,0.0,0.0,6.0,0.0
547,9.0,1.0,0.4133000796783329,1.0,1.0,0.0,0.0,0.0,0.0,1.0,0.0,0.0,6.0,0.0
548,6.0,1.0,0.15024620660271285,1.0,1.0,0.0,0.0,0.0,0.0,0.6666666666666666,0.0,0.0,2.0,0.0
549,8.0,1.0,0.23524275230324496,1.0,1.0,0.0,0.0,0.0,0.0,0.5,0.0,0.0,2.0,0.0
550,8.0,1.0,0.2886169822271323,0.875,1.0,0.0,0.0,0.0,0.0,0.625,0.0,0.0,2.0,0.0
551,7.0,1.0,0.28853441140706565,1.0,1.0,0.0,0.0,0.0,0.0,0.8571428571428571,0.0,0.0,13.0,0.0
552,7.0,1.0,0.25864421818245875,1.0,1.0,0.0,0.0,0.0,0.0,0.7142857142857143,0.0,0.0,2.0,0.0
553,7.0,1.0,0.15389914099708488,1.0,1.0,0.0,0.0,0.0,0.0,0.42857142857142855,0.0,0.0,2.0,0.0
554,7.0,1.0,0.23251065140445984,0.7142857142857143,1.0,0.0,0.0,0.0,0.0,0.5714285714285714,0.0,0.0,2.0,0.0
555,7.0,1.0,0.3485487760848961,1.0,1.0,0.0,0.0,0.0,0.0,0.42857142857142855,0.0,0.0,2.0,0.0
556,6.0,1.0,0.31286294830908035,1.0,1.0,0.0,0.0,0.0,0.0,1.0,0.0,0.0,1.0,0.0
557,9.0,1.0,0.33246509980561817,1.0,1.0,0.0,0.0,0.0,0.0,0.8888888888888888,0.0,0.0,19.0,0.0
558,8.0,1.0,0.40780525058095907,1.0,1.0,0.0,0.0,0.0,0.0,1.0,0.0,0.0,2.0,0.0
559,7.0,1.0,0.2554372067131882,1.0,1.0,0.0,0.0,0.0,0.0,1.0,0.0,0.0,1.0,0.0
560,6.0,1.0,0.3905856648830616,1.0,1.0,0.0,0.0,0.0,0.0,0.8333333333333334,0.0,0.0,2.0,0.0
561,7.0,1.0,0.30195645084412,0.8571428571428571,1.0,0.0,0.0,0.0,0.0,0.8571428571428571,0.0,0.0,2.0,0.0
562,7.0,1.0,0.23633128312446666,1.0,1.0,0.0,0.0,0.0,0.0,0.7142857142857143,0.0,0.0,2.0,0.0
563,7.0,1.0,0.3959280730177969,1.0,1.0,0.0,0.0,0.0,0.0,0.8571428571428571,0.0,0.0,2.0,0.0
564,14.0,1.0,0.28480995348567933,0.07142857142857142,1.0,0.0,0.0,0.0,0.0,0.0,0.0,0.0,3.0,0.0
565,15.0,1.0,0.3807550967470475,0.06666666666666667,1.0,0.0,0.0,0.0,0.0,0.0,0.0,0.0,2.0,0.0
566,11.0,1.0,0.2568311517677173,0.09090909090909091,1.0,0.0,0.0,0.0,0.0,0.0,0.0,0.0,3.0,0.0
567,14.0,1.0,0.3220902080496814,0.07142857142857142,1.0,0.0,0.0,0.0,0.0,0.0,0.0,0.0,2.0,0.0
568,14.0,1.0,0.33330272410293427,0.07142857142857142,1.0,0.0,0.0,0.0,0.0,0.0,0.0,0.0,2.0,0.0
569,12.0,1.0,0.3007117150658356,0.08333333333333333,1.0,0.0,0.0,0.0,0.0,0.0,0.0,0.0,2.0,0.0
570,13.0,1.0,0.26862173247830146,0.07692307692307693,1.0,0.0,0.0,0.0,0.0,0.0,0.0,0.0,2.0,0.0
571,12.0,1.0,0.2825764706807961,0.08333333333333333,1.0,0.0,0.0,0.0,0.0,0.0,0.0,0.0,11.0,0.0
572,4.0,1.0,0.00593000841523604,0.25,1.0,0.0,0.0,0.0,0.0,0.0,0.0,0.0,1.0,0.0
573,4.0,1.0,0.004084250138278499,0.25,1.0,0.0,0.0,0.0,0.0,0.0,0.0,0.0,1.0,0.0
574,5.0,1.0,0.014375921625080803,0.2,1.0,0.0,0.0,0.0,0.0,0.0,0.0,0.0,1.0,0.0
575,4.0,1.0,0.004437200788362437,0.25,1.0,0.0,0.0,0.0,0.0,0.0,0.0,0.0,1.0,0.0
576,4.0,1.0,0.00937423842822568,0.25,1.0,0.0,0.0,0.0,0.0,0.0,0.0,0.0,3.0,0.0
577,4.0,1.0,0.0109339026416,0.25,1.0,0.0,0.0,0.0,0.0,0.0,0.0,0.0,1.0,0.0
578,12.0,1.0,0.019510658614974596,0.08333333333333333,1.0,0.0,0.0,0.0,0.0,0.0,0.0,0.0,2.0,0.7142857142857143
579,6.0,1.0,0.011554938510277933,0.16666666666666666,1.0,0.0,0.0,0.0,0.0,0.0,0.0,0.0,1.0,0.0
580,7.0,4.0,0.9858872699773317,0.14285714285714285,1.0,0.0,0.0,0.0,0.0,0.0,0.0,0.0,6.0,0.0
581,17.0,5.0,1.7647547749304684,0.058823529411764705,1.0,0.0,0.0,0.0,0.0,0.0,0.0,0.0,11.0,0.8888888888888888
582,9.0,4.0,1.0212834464071452,0.1111111111111111,1.0,0.0,0.0,0.0,0.0,0.0,0.0,0.0,3.0,0.0
583,14.0,5.0,1.5295778639940494,0.07142857142857142,1.0,0.0,0.0,0.0,0.0,0.0,0.0,0.0,3.0,0.5555555555555556
584,15.0,4.0,1.3173136824911833,0.06666666666666667,1.0,0.0,0.0,0.0,0.0,0.0,0.0,0.0,3.0,0.6666666666666666
585,8.0,3.0,1.2942477866491744,0.125,1.0,0.0,0.0,0.0,0.0,0.0,0.0,0.0,2.0,0.0
586,7.0,3.0,0.8167576344615552,0.14285714285714285,1.0,0.0,0.0,0.0,0.0,0.0,0.0,0.0,12.0,0.0
587,10.0,4.0,1.090295561303347,0.1,1.0,0.0,0.0,0.0,0.0,0.0,0.0,0.0,12.0,0.1111111111111111
588,1.0,1.0,,1.0,1.0,0.0,0.0,0.0,0.0,0.0,0.0,0.0,0.0,0.0
589,1.0,1.0,,1.0,1.0,0.0,0.0,0.0,0.0,0.0,0.0,0.0,1.0,0.0
590,1.0,1.0,,1.0,1.0,0.0,0.0,0.0,0.0,0.0,0.0,0.0,0.0,0.0
591,1.0,1.0,,1.0,1.0,0.0,0.0,0.0,0.0,0.0,0.0,0.0,1.0,0.0
592,1.0,1.0,,1.0,1.0,0.0,0.0,0.0,0.0,0.0,0.0,0.0,1.0,0.0
593,1.0,1.0,,1.0,1.0,0.0,0.0,0.0,0.0,0.0,0.0,0.0,1.0,0.0
594,14.0,1.0,0.37165968742280514,0.7857142857142857,0.7857142857142857,0.0,0.0,0.0,0.0,0.5714285714285714,0.0,0.0,2.0,0.1
595,9.0,1.0,0.41379555882964303,0.7777777777777778,0.7777777777777778,0.0,0.0,0.0,0.0,0.6666666666666666,0.0,0.0,2.0,0.0
596,12.0,1.0,0.5328934417564838,0.9166666666666666,0.8333333333333334,0.0,0.0,0.0,0.0,0.5833333333333334,0.0,0.0,2.0,0.0
597,9.0,1.0,0.23915242578914334,0.6666666666666666,0.6666666666666666,0.0,0.0,0.0,0.0,0.5555555555555556,0.0,0.0,10.0,0.0
598,9.0,1.0,0.41045606851672395,0.7777777777777778,0.6666666666666666,0.0,0.0,0.0,0.0,0.4444444444444444,0.0,0.0,2.0,0.0
599,11.0,1.0,0.4794791181593856,0.7272727272727273,0.7272727272727273,0.0,0.0,0.0,0.0,0.45454545454545453,0.0,0.0,2.0,0.0
600,11.0,1.0,0.36638940561028904,0.8181818181818182,0.8181818181818182,0.0,0.0,0.0,0.0,0.5454545454545454,0.0,0.0,2.0,0.0
601,11.0,1.0,0.5127484815894401,0.8181818181818182,0.7272727272727273,0.0,0.0,0.0,0.0,0.6363636363636364,0.0,0.0,2.0,0.0
602,10.0,1.0,0.4073455981427544,1.0,1.0,0.0,0.0,0.0,0.0,0.7,0.0,0.0,2.0,0.0
603,8.0,1.0,0.03273898854470672,0.125,1.0,0.0,1.0,1.0,1.0,0.0,0.0,54.125,2.0,0.6
604,5.0,1.0,0.02107517656407919,0.8,0.6,0.6,0.0,0.0,0.0,0.6,0.0,0.0,1.0,0.0
605,7.0,1.0,0.1712821920502242,1.0,1.0,0.0,0.0,0.0,0.0,0.2857142857142857,0.0,0.0,2.0,0.0
606,9.0,1.0,0.30708331202414213,0.8888888888888888,1.0,0.0,0.0,0.0,0.0,0.8888888888888888,0.0,0.0,1.0,0.0
607,122.0,3.0,0.34359545835192656,0.00819672131147541,1.0,0.0,1.0,1.0,1.0,0.0,0.0,53.66393442622951,3.0,23.4
608,1190.0,24.0,0.34023574283566843,0.0008403361344537816,1.0,0.0,0.0,0.0,0.0,0.0,0.0,0.0,2.0,131.22222222222223
609,93.0,3.0,0.3303720043584916,0.0967741935483871,0.5913978494623656,0.5913978494623656,0.0,0.0,0.0,0.5913978494623656,0.0,0.0,5.0,0.0
610,52.0,2.0,0.3805352023636816,0.019230769230769232,1.0,0.0,0.0,0.0,0.0,0.0,0.4423076923076923,0.0,3.0,2.25
611,72.0,2.0,0.25977584147241,0.2222222222222222,1.0,1.0,0.0,0.0,0.0,1.0,0.0,0.0,1.0,0.0
612,9.0,1.0,0.18633557797258607,0.8888888888888888,1.0,0.0,0.0,0.0,0.0,0.5555555555555556,0.0,0.0,2.0,0.0
613,10.0,1.0,0.3204784521772584,0.9,1.0,0.0,0.0,0.0,0.0,0.8,0.0,0.0,2.0,0.0
614,8.0,1.0,0.25226934271034324,1.0,1.0,0.0,0.0,0.0,0.0,0.875,0.0,0.0,2.0,0.0
615,8.0,1.0,0.18514109329496328,0.75,1.0,0.0,0.0,0.0,0.0,0.75,0.0,0.0,2.0,0.0
616,8.0,1.0,0.28510762086384767,0.875,1.0,0.0,0.0,0.0,0.0,0.75,0.0,0.0,2.0,0.0
617,7.0,1.0,0.19589479531676762,0.8571428571428571,1.0,0.0,0.0,0.0,0.0,0.42857142857142855,0.0,0.0,10.0,0.0
618,6.0,1.0,0.18510338294737277,1.0,1.0,0.0,0.0,0.0,0.0,0.6666666666666666,0.0,0.0,2.0,0.0
619,6.0,1.0,0.1844520480759838,1.0,1.0,0.0,0.0,0.0,0.0,0.6666666666666666,0.0,0.0,1.0,0.0
620,8.0,1.0,0.33989473808997067,0.875,1.0,0.0,0.0,0.0,0.0,0.875,0.0,0.0,2.0,0.0
621,7.0,1.0,0.2014763267240497,1.0,1.0,0.0,0.0,0.0,0.0,0.7142857142857143,0.0,0.0,2.0,0.0
622,8.0,1.0,0.13419751494824772,0.875,1.0,0.0,0.0,0.0,0.0,0.75,0.0,0.0,1.0,0.0
623,6.0,1.0,0.29870496586795664,1.0,1.0,0.0,0.0,0.0,0.0,0.8333333333333334,0.0,0.0,2.0,0.0
624,8.0,1.0,0.27851925882150164,0.875,1.0,0.0,0.0,0.0,0.0,0.625,0.0,0.0,1.0,0.0
625,9.0,1.0,0.4132536337251958,1.0,1.0,0.0,0.0,0.0,0.0,0.7777777777777778,0.0,0.0,12.0,0.0
626,6.0,1.0,0.18797736538918944,1.0,1.0,0.0,0.0,0.0,0.0,0.6666666666666666,0.0,0.0,2.0,0.0
627,8.0,1.0,0.36233915383312926,1.0,1.0,0.0,0.0,0.0,0.0,0.75,0.0,0.0,2.0,0.0
628,6.0,1.0,0.2606031210079272,1.0,1.0,0.0,0.0,0.0,0.0,1.0,0.0,0.0,2.0,0.0
629,6.0,1.0,0.21003228317706973,1.0,1.0,0.0,0.0,0.0,0.0,1.0,0.0,0.0,2.0,0.0
630,6.0,1.0,0.2120004398925596,1.0,1.0,0.0,0.0,0.0,0.0,1.0,0.0,0.0,2.0,0.0
631,6.0,1.0,0.33646755719150906,1.0,1.0,0.0,0.0,0.0,0.0,0.8333333333333334,0.0,0.0,2.0,0.0
632,7.0,1.0,0.46505934273637,1.0,1.0,0.0,0.0,0.0,0.0,0.8571428571428571,0.0,0.0,2.0,0.0
633,16.0,1.0,0.4220578945863348,0.0625,1.0,0.0,0.0,0.0,0.0,0.0,0.0,0.0,10.0,0.0
634,11.0,1.0,0.1765072832218105,0.09090909090909091,1.0,0.0,0.0,0.0,0.0,0.0,0.0,0.0,3.0,0.0
635,14.0,1.0,0.3057633102817781,0.07142857142857142,1.0,0.0,0.0,0.0,0.0,0.0,0.0,0.0,2.0,0.0
636,13.0,1.0,0.26449175214864656,0.07692307692307693,1.0,0.0,0.0,0.0,0.0,0.0,0.0,0.0,12.0,0.0
637,15.0,1.0,0.35067871417133667,0.06666666666666667,1.0,0.0,0.0,0.0,0.0,0.0,0.0,0.0,2.0,0.0
638,13.0,1.0,0.36042324470339643,0.07692307692307693,1.0,0.0,0.0,0.0,0.0,0.0,0.0,0.0,2.0,0.0
639,12.0,1.0,0.3348763952814109,0.08333333333333333,1.0,0.0,0.0,0.0,0.0,0.0,0.0,0.0,2.0,0.0
640,14.0,1.0,0.26059417776107197,0.07142857142857142,1.0,0.0,0.0,0.0,0.0,0.0,0.0,0.0,2.0,0.0
641,4.0,1.0,0.009730195091470146,0.25,1.0,0.0,0.0,0.0,0.0,0.0,0.0,0.0,1.0,0.0
642,4.0,1.0,0.009017607199208291,0.25,1.0,0.0,0.0,0.0,0.0,0.0,0.0,0.0,1.0,0.0
643,6.0,1.0,0.01317674955159435,0.16666666666666666,1.0,0.0,0.0,0.0,0.0,0.0,0.0,0.0,1.0,0.0
644,4.0,1.0,0.0016221609381757442,0.25,1.0,0.0,0.0,0.0,0.0,0.0,0.0,0.0,1.0,0.0
645,3.0,1.0,0.005622752299938646,0.3333333333333333,1.0,0.0,0.0,0.0,0.0,0.0,0.0,0.0,1.0,0.0
646,4.0,1.0,0.0036427051697856395,0.25,1.0,0.0,0.0,0.0,0.0,0.0,0.0,0.0,1.0,0.0
647,12.0,1.0,0.01164101409630641,0.08333333333333333,1.0,0.0,0.0,0.0,0.0,0.0,0.0,0.0,1.0,0.7142857142857143
648,6.0,1.0,0.01002724132421777,0.16666666666666666,1.0,0.0,0.0,0.0,0.0,0.0,0.0,0.0,1.0,0.0
649,7.0,3.0,0.8059032406200427,0.14285714285714285,1.0,0.0,0.0,0.0,0.0,0.0,0.0,0.0,3.0,0.0
650,10.0,4.0,0.8938256589284556,0.1,1.0,0.0,0.0,0.0,0.0,0.0,0.0,0.0,2.0,0.1111111111111111
651,7.0,2.0,1.030006681180661,0.14285714285714285,1.0,0.0,0.0,0.0,0.0,0.0,0.0,0.0,2.0,0.0
652,15.0,3.0,1.368831668235819,0.06666666666666667,1.0,0.0,0.0,0.0,0.0,0.0,0.0,0.0,12.0,0.6666666666666666
653,9.0,4.0,1.337358338759667,0.1111111111111111,1.0,0.0,0.0,0.0,0.0,0.0,0.0,0.0,2.0,0.0
654,8.0,4.0,1.0138457915836123,0.125,1.0,0.0,0.0,0.0,0.0,0.0,0.0,0.0,2.0,0.0
655,7.0,3.0,1.0187379126151617,0.14285714285714285,1.0,0.0,0.0,0.0,0.0,0.0,0.0,0.0,2.0,0.0
656,13.0,4.0,1.7258993077259266,0.07692307692307693,1.0,0.0,0.0,0.0,0.0,0.0,0.0,0.0,2.0,0.4444444444444444
657,6.0,1.0,0.4054549019058741,0.8333333333333334,0.6666666666666666,0.0,0.0,0.0,0.0,0.5,0.0,0.0,10.0,0.0
658,4.0,1.0,0.31282557951684375,1.0,0.75,0.0,0.0,0.0,0.0,0.5,0.0,0.0,1.0,0.0
659,4.0,1.0,0.1584285397496323,1.0,0.75,0.0,0.0,0.0,0.0,0.25,0.0,0.0,2.0,0.0
660,7.0,1.0,0.18651273938995758,0.7142857142857143,0.5714285714285714,0.0,0.0,0.0,0.0,0.2857142857142857,0.0,0.0,11.0,0.0
661,4.0,1.0,0.4997805820819468,1.0,0.75,0.0,0.0,0.0,0.0,0.75,0.0,0.0,2.0,0.0
662,7.0,1.0,0.3902303109512337,0.8571428571428571,0.7142857142857143,0.0,0.0,0.0,0.0,0.7142857142857143,0.0,0.0,2.0,0.0
663,5.0,1.0,0.5521310306074927,0.8,0.6,0.0,0.0,0.0,0.0,0.4,0.0,0.0,2.0,0.0
664,5.0,1.0,0.3025737383102711,1.0,0.8,0.0,0.0,0.0,0.0,0.8,0.0,0.0,9.0,0.0
665,4.0,1.0,0.18262594063354395,0.75,1.0,0.0,0.0,0.0,0.0,0.5,0.0,0.0,2.0,0.0
666,4.0,1.0,0.03826352269962914,0.25,1.0,0.0,1.0,1.0,1.0,0.0,0.0,54.0,2.0,0.0
667,3.0,1.0,0.0051468911315561165,1.0,0.6666666666666666,0.6666666666666666,0.0,0.0,0.0,0.6666666666666666,0.0,0.0,1.0,0.0
668,4.0,1.0,0.18110486021665265,0.75,1.0,0.0,0.0,0.0,0.0,0.25,0.0,0.0,2.0,0.0
669,4.0,1.0,0.14778158714873177,1.0,1.0,0.0,0.0,0.0,0.0,0.25,0.0,0.0,2.0,0.0
670,60.0,3.0,0.38150343999514774,0.016666666666666666,1.0,0.0,1.0,1.0,1.0,0.0,0.0,53.53333333333333,3.0,11.0
671,580.0,24.0,0.3496765372068554,0.0017241379310344827,1.0,0.0,0.0,0.0,0.0,0.0,0.0,0.0,2.0,57.0
672,42.0,3.0,0.3348935242253404,0.21428571428571427,0.5952380952380952,0.5952380952380952,0.0,0.0,0.0,0.5952380952380952,0.0,0.0,1.0,0.0
673,22.0,2.0,0.32073872003062753,0.045454545454545456,1.0,0.0,0.0,0.0,0.0,0.0,0.5454545454545454,0.0,2.0,0.375
674,34.0,2.0,0.28578700019577824,0.4411764705882353,1.0,1.0,0.0,0.0,0.0,1.0,0.0,0.0,1.0,0.0
675,4.0,1.0,0.07373494958271484,0.75,1.0,0.0,0.0,0.0,0.0,0.25,0.0,0.0,2.0,0.0
676,4.0,1.0,0.437403633811937,1.0,1.0,0.0,0.0,0.0,0.0,0.75,0.0,0.0,2.0,0.0
677,4.0,1.0,0.26548692223197384,1.0,1.0,0.0,0.0,0.0,0.0,0.75,0.0,0.0,1.0,0.0
678,4.0,1.0,0.22803652286544646,1.0,1.0,0.0,0.0,0.0,0.0,0.25,0.0,0.0,1.0,0.0
679,4.0,1.0,0.26199449523921253,0.75,1.0,0.0,0.0,0.0,0.0,0.5,0.0,0.0,2.0,0.0
680,5.0,1.0,0.2013726152456822,1.0,1.0,0.0,0.0,0.0,0.0,0.8,0.0,0.0,2.0,0.0
681,5.0,1.0,0.2122733449790378,0.8,1.0,0.0,0.0,0.0,0.0,0.8,0.0,0.0,2.0,0.0
682,4.0,1.0,0.07617990550755624,1.0,1.0,0.0,0.0,0.0,0.0,0.75,0.0,0.0,2.0,0.0
683,4.0,1.0,0.060273794619772884,1.0,1.0,0.0,0.0,0.0,0.0,0.5,0.0,0.0,1.0,0.0
684,4.0,1.0,0.12681404545863864,0.75,1.0,0.0,0.0,0.0,0.0,1.0,0.0,0.0,2.0,0.0
685,4.0,1.0,0.337294056043036,1.0,1.0,0.0,0.0,0.0,0.0,0.25,0.0,0.0,11.0,0.0
686,5.0,1.0,0.18667521579448043,1.0,1.0,0.0,0.0,0.0,0.0,0.8,0.0,0.0,10.0,0.0
687,3.0,1.0,0.3098603080351665,1.0,1.0,0.0,0.0,0.0,0.0,0.3333333333333333,0.0,0.0,2.0,0.0
688,3.0,1.0,0.02027704828745909,1.0,1.0,0.0,0.0,0.0,0.0,0.6666666666666666,0.0,0.0,10.0,0.0
689,4.0,1.0,0.1525268835894153,1.0,1.0,0.0,0.0,0.0,0.0,1.0,0.0,0.0,1.0,0.0
690,3.0,1.0,0.23368550251883047,1.0,1.0,0.0,0.0,0.0,0.0,1.0,0.0,0.0,1.0,0.0
691,4.0,1.0,0.4461749761444405,1.0,1.0,0.0,0.0,0.0,0.0,0.75,0.0,0.0,2.0,0.0
692,2.0,1.0,,1.0,1.0,0.0,0.0,0.0,0.0,0.5,0.0,0.0,2.0,0.0
693,4.0,1.0,0.14778148000939428,1.0,1.0,0.0,0.0,0.0,0.0,1.0,0.0,0.0,1.0,0.0
694,3.0,1.0,0.501087356060078,1.0,1.0,0.0,0.0,0.0,0.0,0.6666666666666666,0.0,0.0,1.0,0.0
695,3.0,1.0,0.5237153801630104,1.0,1.0,0.0,0.0,0.0,0.0,0.6666666666666666,0.0,0.0,1.0,0.0
696,6.0,1.0,0.2850990374123791,0.16666666666666666,1.0,0.0,0.0,0.0,0.0,0.0,0.0,0.0,2.0,0.0
697,7.0,1.0,0.3483359934734604,0.14285714285714285,1.0,0.0,0.0,0.0,0.0,0.0,0.0,0.0,1.0,0.0
698,5.0,1.0,0.1507116655755957,0.2,1.0,0.0,0.0,0.0,0.0,0.0,0.0,0.0,2.0,0.0
699,6.0,1.0,0.24352198811065093,0.16666666666666666,1.0,0.0,0.0,0.0,0.0,0.0,0.0,0.0,1.0,0.0
700,6.0,1.0,0.37403399554184735,0.16666666666666666,1.0,0.0,0.0,0.0,0.0,0.0,0.0,0.0,1.0,0.0
701,6.0,1.0,0.27556692255891446,0.16666666666666666,1.0,0.0,0.0,0.0,0.0,0.0,0.0,0.0,2.0,0.0
702,7.0,1.0,0.3588898908705314,0.14285714285714285,1.0,0.0,0.0,0.0,0.0,0.0,0.0,0.0,2.0,0.0
703,8.0,1.0,0.14650095786032,0.125,1.0,0.0,0.0,0.0,0.0,0.0,0.0,0.0,2.0,0.0
704,1.0,1.0,,1.0,1.0,0.0,0.0,0.0,0.0,0.0,0.0,0.0,0.0,0.0
705,1.0,1.0,,1.0,1.0,0.0,0.0,0.0,0.0,0.0,0.0,0.0,0.0,0.0
706,3.0,1.0,0.0008282564802261301,0.3333333333333333,1.0,0.0,0.0,0.0,0.0,0.0,0.0,0.0,1.0,0.0
707,2.0,1.0,,0.5,1.0,0.0,0.0,0.0,0.0,0.0,0.0,0.0,0.0,0.0
708,2.0,1.0,,0.5,1.0,0.0,0.0,0.0,0.0,0.0,0.0,0.0,3.0,0.0
709,1.0,1.0,,1.0,1.0,0.0,0.0,0.0,0.0,0.0,0.0,0.0,1.0,0.0
710,6.0,1.0,0.027922659458333676,0.16666666666666666,1.0,0.0,0.0,0.0,0.0,0.0,0.0,0.0,1.0,0.0
711,3.0,1.0,0.006721853191421611,0.3333333333333333,1.0,0.0,0.0,0.0,0.0,0.0,0.0,0.0,0.0,0.0
712,13.0,4.0,1.6590185467230603,0.07692307692307693,1.0,0.0,0.0,0.0,0.0,0.0,0.0,0.0,3.0,0.3
713,5.0,3.0,1.6390446832571723,0.2,1.0,0.0,0.0,0.0,0.0,0.0,0.0,0.0,2.0,0.0
714,5.0,3.0,0.9926160337257023,0.2,1.0,0.0,0.0,0.0,0.0,0.0,0.0,0.0,2.0,0.0
715,6.0,3.0,1.8912897425062445,0.16666666666666666,1.0,0.0,0.0,0.0,0.0,0.0,0.0,0.0,2.0,0.0
716,7.0,3.0,2.080244112028018,0.14285714285714285,1.0,0.0,0.0,0.0,0.0,0.0,0.0,0.0,2.0,0.0
717,10.0,5.0,1.8123234961602874,0.1,1.0,0.0,0.0,0.0,0.0,0.0,0.0,0.0,4.0,0.0
718,7.0,4.0,1.5884024874435503,0.14285714285714285,1.0,0.0,0.0,0.0,0.0,0.0,0.0,0.0,2.0,0.0
719,2.0,1.0,,0.5,1.0,0.0,0.0,0.0,0.0,0.0,0.0,0.0,2.0,0.0
720,1.0,1.0,,1.0,1.0,0.0,0.0,0.0,0.0,0.0,0.0,0.0,0.0,0.0
721,1.0,1.0,,1.0,1.0,0.0,0.0,0.0,0.0,0.0,0.0,0.0,1.0,0.0
