row_id,run_id,client_id,window_start,label,scenario,persona,detector_fired,gateway_blocked
1,part5-fresh,1ad0eceb16be4c1e63b2a6ae,2026-09-10T12:08:00+00:00,0,benign,mobile_poller,0,0
2,part5-fresh,1ad0eceb16be4c1e63b2a6ae,2026-09-10T12:11:00+00:00,0,benign,mobile_poller,0,1
3,part5-fresh,1ad0eceb16be4c1e63b2a6ae,2026-09-10T12:12:00+00:00,0,benign,mobile_poller,0,1
4,part5-fresh,1ad0eceb16be4c1e63b2a6ae,2026-09-10T12:13:00+00:00,0,benign,mobile_poller,0,1
5,part5-fresh,52772f94761cc17574fb2da5,2026-09-10T13:12:00+00:00,0,benign,browser,0,0
6,part5-fresh,f7827e09ea5b25cb154b94be,2026-09-10T13:12:00+00:00,0,benign,browser,0,0
7,part5-fresh,93e33ce1e0dccf1753b2efed,2026-09-10T13:12:00+00:00,0,benign,browser,0,0
8,part5-fresh,ef530cf26db974301e340f51,2026-09-10T13:12:00+00:00,0,benign,browser,0,0
9,part5-fresh,4a03389ab3b284f03b2045bd,2026-09-10T13:12:00+00:00,0,benign,browser,0,0
10,part5-fresh,99c8908fb6ab1ecac189ce43,2026-09-10T13:12:00+00:00,0,benign,browser,0,0
11,part5-fresh,6c9749bb31aac49d762ce078,2026-09-10T13:12:00+00:00,0,benign,browser,0,0
12,part5-fresh,71e708460d1da609689090ab,2026-09-10T13:12:00+00:00,0,benign,browser,0,0
13,part5-fresh,fc7c118f38b5b5807541bde7,2026-09-10T13:12:00+00:00,0,benign,shopper,0,0
14,part5-fresh,8df5bd541ac28b67812f2d50,2026-09-10T13:12:00+00:00,1,slow_brute_force,slow_brute_force,0,0
15,part5-fresh,58881edfdb5ee78be5be53bd,2026-09-10T13:12:00+00:00,1,low_and_slow_enumeration,low_and_slow_enumeration,1,0
16,part5-fresh,c61bb9a2b8ee0e04c398086f,2026-09-10T13:12:00+00:00,0,benign,shopper,0,0
17,part5-fresh,281504f4fc05792918189b56,2026-09-10T13:12:00+00:00,0,benign,shopper,0,0
18,part5-fresh,a0112e539ab7a6c611234b32,2026-09-10T13:12:00+00:00,1,credential_stuffing,credential_stuffing,1,0
19,part5-fresh,044ae00cfb246a3eb75eb85d,2026-09-10T13:12:00+00:00,1,api_flood,api_flood,0,0
20,part5-fresh,22184280e63d5ae6552669e1,2026-09-10T13:12:00+00:00,1,enumeration,enumeration,1,0
21,part5-fresh,9663e70026470e03ebdaa505,2026-09-10T13:12:00+00:00,1,sqli_probe,sqli_probe,1,0
22,part5-fresh,cc789cc39f13d23f17ffe8a7,2026-09-10T13:12:00+00:00,1,path_traversal,path_traversal,1,0
23,part5-fresh,f2835334f1edc3d001db3ce9,2026-09-10T13:12:00+00:00,0,benign,shopper,0,0
24,part5-fresh,0f70c62cb4613285bf7ae2a1,2026-09-10T13:12:00+00:00,0,benign,shopper,0,0
25,part5-fresh,b47310b4ba7a6c0b70565993,2026-09-10T13:12:00+00:00,0,benign,shopper,0,0
26,part5-fresh,fc39fb295b742cba75993c65,2026-09-10T13:12:00+00:00,0,benign,shopper,0,0
27,part5-fresh,cbd3b7547326ef085bbe43df,2026-09-10T13:12:00+00:00,0,benign,shopper,0,0
28,part5-fresh,995c0708887600813285cdc4,2026-09-10T13:12:00+00:00,0,benign,forgetful_user,0,0
29,part5-fresh,613c777fef5fb65a4ddc3009,2026-09-10T13:12:00+00:00,0,benign,forgetful_user,0,0
30,part5-fresh,6e743313a0ca45c7866f16ac,2026-09-10T13:12:00+00:00,0,benign,forgetful_user,0,0
31,part5-fresh,2687177b4c497261cc00e93f,2026-09-10T13:12:00+00:00,0,benign,forgetful_user,0,0
32,part5-fresh,f961e1a50c6755d1dfc586c9,2026-09-10T13:12:00+00:00,0,benign,forgetful_user,0,0
33,part5-fresh,4784f506e88fab172c1c075c,2026-09-10T13:12:00+00:00,0,benign,forgetful_user,0,0
34,part5-fresh,fa92f0ee395b3dd65fea016a,2026-09-10T13:12:00+00:00,0,benign,forgetful_user,0,0
35,part5-fresh,62e1fbddbab61dd45a228e96,2026-09-10T13:12:00+00:00,0,benign,forgetful_user,0,0
36,part5-fresh,934e4de1bde6bcea78aa87ab,2026-09-10T13:12:00+00:00,0,benign,dead_link_visitor,0,0
37,part5-fresh,be5e5d64ef32bb567b66349f,2026-09-10T13:12:00+00:00,0,benign,dead_link_visitor,0,0
38,part5-fresh,76df2292ae58da496356246a,2026-09-10T13:12:00+00:00,0,benign,dead_link_visitor,0,0
39,part5-fresh,d38a4573a44957bb99d67a0a,2026-09-10T13:12:00+00:00,0,benign,dead_link_visitor,0,0
40,part5-fresh,b949d662cc6037044cc5c036,2026-09-10T13:12:00+00:00,0,benign,dead_link_visitor,0,0
41,part5-fresh,14c0ab4036c0892a396f042c,2026-09-10T13:12:00+00:00,0,benign,dead_link_visitor,0,0
42,part5-fresh,618c9e82eac5a603d107ad36,2026-09-10T13:12:00+00:00,0,benign,dead_link_visitor,0,0
43,part5-fresh,e80a4540c1cf3c043c8a61f0,2026-09-10T13:12:00+00:00,0,benign,dead_link_visitor,0,0
44,part5-fresh,2869a95ef6dd170d6e3df919,2026-09-10T13:12:00+00:00,0,benign,search_heavy,0,0
45,part5-fresh,58d900fca84556d4228a544e,2026-09-10T13:12:00+00:00,0,benign,search_heavy,0,0
46,part5-fresh,bf45d50cc9dc3900da9e34bb,2026-09-10T13:12:00+00:00,0,benign,search_heavy,0,0
47,part5-fresh,4c7079333dd33e87b17292df,2026-09-10T13:12:00+00:00,0,benign,search_heavy,0,0
48,part5-fresh,961705f8e0ca41a6a165d988,2026-09-10T13:12:00+00:00,0,benign,search_heavy,0,0
49,part5-fresh,2d03d8e4617420527b5429ac,2026-09-10T13:12:00+00:00,0,benign,search_heavy,0,0
50,part5-fresh,02ee7fd7989c4ec7e9733c29,2026-09-10T13:12:00+00:00,0,benign,search_heavy,0,0
51,part5-fresh,13b48019c9550c135bd86f38,2026-09-10T13:12:00+00:00,0,benign,search_heavy,0,0
52,part5-fresh,c9d0db096f2de1490552bcff,2026-09-10T13:12:00+00:00,0,benign,mobile_poller,0,0
53,part5-fresh,64779ae1f7be4fb0734e5c18,2026-09-10T13:12:00+00:00,0,benign,mobile_poller,0,0
54,part5-fresh,957d1b91ab9a085451bda1b8,2026-09-10T13:12:00+00:00,0,benign,mobile_poller,0,0
55,part5-fresh,3b4251d20576e63ca8b5de70,2026-09-10T13:12:00+00:00,0,benign,mobile_poller,0,0
56,part5-fresh,a3676d98988850e621baf0b3,2026-09-10T13:12:00+00:00,0,benign,mobile_poller,0,0
57,part5-fresh,1ad0eceb16be4c1e63b2a6ae,2026-09-10T13:12:00+00:00,0,benign,mobile_poller,0,0
58,part5-fresh,bb25c3a9388efe76a5629630,2026-09-10T13:12:00+00:00,0,benign,mobile_poller,0,0
59,part5-fresh,ecb6cac10bcecd42cce5800d,2026-09-10T13:12:00+00:00,0,benign,mobile_poller,0,0
60,part5-fresh,4140acc531ad7f7a3ddb5f37,2026-09-10T13:12:00+00:00,0,benign,impatient,0,0
61,part5-fresh,687bebd4f4aaf427b1192c96,2026-09-10T13:12:00+00:00,0,benign,impatient,0,0
62,part5-fresh,c6158d796b75c6718ae7916e,2026-09-10T13:12:00+00:00,0,benign,impatient,0,0
63,part5-fresh,eda8843a0e0c23fc6321487f,2026-09-10T13:12:00+00:00,0,benign,impatient,0,0
64,part5-fresh,b07e8f1d937997c53d0f8d79,2026-09-10T13:12:00+00:00,0,benign,impatient,0,0
65,part5-fresh,00f1cb7347ab69f266aa5517,2026-09-10T13:12:00+00:00,0,benign,impatient,0,0
66,part5-fresh,1c00380eb649a13312bc2609,2026-09-10T13:12:00+00:00,0,benign,impatient,0,0
67,part5-fresh,a2f3c5ffe11bf9f9e34760e8,2026-09-10T13:12:00+00:00,0,benign,impatient,0,0
68,part5-fresh,04de9a69f617193c0b5076b0,2026-09-10T13:12:00+00:00,0,benign,one_shot,1,0
69,part5-fresh,c8d6577ce906fefd0d7301a7,2026-09-10T13:12:00+00:00,0,benign,one_shot,0,0
70,part5-fresh,d9b9334133f563408f56cf99,2026-09-10T13:12:00+00:00,0,benign,one_shot,0,0
71,part5-fresh,f21ad7bedb4cf56fae7f1fa2,2026-09-10T13:12:00+00:00,0,benign,one_shot,0,0
72,part5-fresh,6fc0bf20dc5c102c5f96f2d2,2026-09-10T13:12:00+00:00,0,benign,one_shot,0,0
73,part5-fresh,5147108f455573382703c835,2026-09-10T13:12:00+00:00,0,benign,one_shot,0,0
74,part5-fresh,de4d9da7a249b9daa1425c3b,2026-09-10T13:12:00+00:00,0,benign,one_shot,0,0
75,part5-fresh,0222f782ef4aaee40e011975,2026-09-10T13:12:00+00:00,0,benign,one_shot,0,0
76,part5-fresh,94e0735400b31cdf04fceae6,2026-09-10T13:12:00+00:00,0,benign,idle,0,0
77,part5-fresh,1a003c0e21b8cc07ae1b0402,2026-09-10T13:12:00+00:00,0,benign,idle,0,0
78,part5-fresh,ab6f629e813bdd70ca5595a2,2026-09-10T13:12:00+00:00,0,benign,idle,0,0
79,part5-fresh,b7300b8e9f1e0811525e4bfd,2026-09-10T13:12:00+00:00,0,benign,idle,0,0
80,part5-fresh,fae91f9f22b3cbec7c94d39d,2026-09-10T13:12:00+00:00,0,benign,idle,0,0
81,part5-fresh,8ecb69b91f7265b069d5bfc4,2026-09-10T13:12:00+00:00,0,benign,idle,0,0
82,part5-fresh,a880866ae65fca22abcaec75,2026-09-10T13:12:00+00:00,0,benign,idle,0,0
83,part5-fresh,dcfbaddea61144072a7e5931,2026-09-10T13:12:00+00:00,0,benign,idle,0,0
84,part5-fresh,52772f94761cc17574fb2da5,2026-09-10T13:13:00+00:00,0,benign,browser,0,0
85,part5-fresh,f7827e09ea5b25cb154b94be,2026-09-10T13:13:00+00:00,0,benign,browser,0,0
86,part5-fresh,93e33ce1e0dccf1753b2efed,2026-09-10T13:13:00+00:00,0,benign,browser,0,0
87,part5-fresh,ef530cf26db974301e340f51,2026-09-10T13:13:00+00:00,0,benign,browser,0,0
88,part5-fresh,4a03389ab3b284f03b2045bd,2026-09-10T13:13:00+00:00,0,benign,browser,0,0
89,part5-fresh,99c8908fb6ab1ecac189ce43,2026-09-10T13:13:00+00:00,0,benign,browser,0,0
90,part5-fresh,6c9749bb31aac49d762ce078,2026-09-10T13:13:00+00:00,0,benign,browser,0,0
91,part5-fresh,71e708460d1da609689090ab,2026-09-10T13:13:00+00:00,0,benign,browser,0,0
92,part5-fresh,fc7c118f38b5b5807541bde7,2026-09-10T13:13:00+00:00,0,benign,shopper,0,0
93,part5-fresh,8df5bd541ac28b67812f2d50,2026-09-10T13:13:00+00:00,1,slow_brute_force,slow_brute_force,1,0
94,part5-fresh,58881edfdb5ee78be5be53bd,2026-09-10T13:13:00+00:00,1,low_and_slow_enumeration,low_and_slow_enumeration,1,0
95,part5-fresh,c61bb9a2b8ee0e04c398086f,2026-09-10T13:13:00+00:00,0,benign,shopper,0,0
96,part5-fresh,281504f4fc05792918189b56,2026-09-10T13:13:00+00:00,0,benign,shopper,0,0
97,part5-fresh,a0112e539ab7a6c611234b32,2026-09-10T13:13:00+00:00,1,credential_stuffing,credential_stuffing,1,0
98,part5-fresh,044ae00cfb246a3eb75eb85d,2026-09-10T13:13:00+00:00,1,api_flood,api_flood,1,0
99,part5-fresh,22184280e63d5ae6552669e1,2026-09-10T13:13:00+00:00,1,enumeration,enumeration,1,0
100,part5-fresh,9663e70026470e03ebdaa505,2026-09-10T13:13:00+00:00,1,sqli_probe,sqli_probe,1,0
101,part5-fresh,cc789cc39f13d23f17ffe8a7,2026-09-10T13:13:00+00:00,1,path_traversal,path_traversal,1,0
102,part5-fresh,f2835334f1edc3d001db3ce9,2026-09-10T13:13:00+00:00,0,benign,shopper,0,0
103,part5-fresh,0f70c62cb4613285bf7ae2a1,2026-09-10T13:13:00+00:00,0,benign,shopper,0,0
104,part5-fresh,b47310b4ba7a6c0b70565993,2026-09-10T13:13:00+00:00,0,benign,shopper,0,0
105,part5-fresh,fc39fb295b742cba75993c65,2026-09-10T13:13:00+00:00,0,benign,shopper,0,0
106,part5-fresh,cbd3b7547326ef085bbe43df,2026-09-10T13:13:00+00:00,0,benign,shopper,0,0
107,part5-fresh,995c0708887600813285cdc4,2026-09-10T13:13:00+00:00,0,benign,forgetful_user,0,0
108,part5-fresh,613c777fef5fb65a4ddc3009,2026-09-10T13:13:00+00:00,0,benign,forgetful_user,0,0
109,part5-fresh,6e743313a0ca45c7866f16ac,2026-09-10T13:13:00+00:00,0,benign,forgetful_user,0,0
110,part5-fresh,2687177b4c497261cc00e93f,2026-09-10T13:13:00+00:00,0,benign,forgetful_user,0,0
111,part5-fresh,f961e1a50c6755d1dfc586c9,2026-09-10T13:13:00+00:00,0,benign,forgetful_user,0,0
112,part5-fresh,4784f506e88fab172c1c075c,2026-09-10T13:13:00+00:00,0,benign,forgetful_user,0,0
113,part5-fresh,fa92f0ee395b3dd65fea016a,2026-09-10T13:13:00+00:00,0,benign,forgetful_user,0,0
114,part5-fresh,62e1fbddbab61dd45a228e96,2026-09-10T13:13:00+00:00,0,benign,forgetful_user,0,0
115,part5-fresh,934e4de1bde6bcea78aa87ab,2026-09-10T13:13:00+00:00,0,benign,dead_link_visitor,0,0
116,part5-fresh,be5e5d64ef32bb567b66349f,2026-09-10T13:13:00+00:00,0,benign,dead_link_visitor,0,0
117,part5-fresh,76df2292ae58da496356246a,2026-09-10T13:13:00+00:00,0,benign,dead_link_visitor,0,0
118,part5-fresh,d38a4573a44957bb99d67a0a,2026-09-10T13:13:00+00:00,0,benign,dead_link_visitor,0,0
119,part5-fresh,b949d662cc6037044cc5c036,2026-09-10T13:13:00+00:00,0,benign,dead_link_visitor,0,0
120,part5-fresh,14c0ab4036c0892a396f042c,2026-09-10T13:13:00+00:00,0,benign,dead_link_visitor,0,0
121,part5-fresh,618c9e82eac5a603d107ad36,2026-09-10T13:13:00+00:00,0,benign,dead_link_visitor,0,0
122,part5-fresh,e80a4540c1cf3c043c8a61f0,2026-09-10T13:13:00+00:00,0,benign,dead_link_visitor,0,0
123,part5-fresh,2869a95ef6dd170d6e3df919,2026-09-10T13:13:00+00:00,0,benign,search_heavy,0,0
124,part5-fresh,58d900fca84556d4228a544e,2026-09-10T13:13:00+00:00,0,benign,search_heavy,0,0
125,part5-fresh,bf45d50cc9dc3900da9e34bb,2026-09-10T13:13:00+00:00,0,benign,search_heavy,0,0
126,part5-fresh,4c7079333dd33e87b17292df,2026-09-10T13:13:00+00:00,0,benign,search_heavy,0,0
127,part5-fresh,961705f8e0ca41a6a165d988,2026-09-10T13:13:00+00:00,0,benign,search_heavy,0,0
128,part5-fresh,2d03d8e4617420527b5429ac,2026-09-10T13:13:00+00:00,0,benign,search_heavy,0,0
129,part5-fresh,02ee7fd7989c4ec7e9733c29,2026-09-10T13:13:00+00:00,0,benign,search_heavy,0,0
130,part5-fresh,13b48019c9550c135bd86f38,2026-09-10T13:13:00+00:00,0,benign,search_heavy,0,0
131,part5-fresh,c9d0db096f2de1490552bcff,2026-09-10T13:13:00+00:00,0,benign,mobile_poller,0,0
132,part5-fresh,64779ae1f7be4fb0734e5c18,2026-09-10T13:13:00+00:00,0,benign,mobile_poller,0,0
133,part5-fresh,957d1b91ab9a085451bda1b8,2026-09-10T13:13:00+00:00,0,benign,mobile_poller,0,0
134,part5-fresh,3b4251d20576e63ca8b5de70,2026-09-10T13:13:00+00:00,0,benign,mobile_poller,0,0
135,part5-fresh,a3676d98988850e621baf0b3,2026-09-10T13:13:00+00:00,0,benign,mobile_poller,0,0
136,part5-fresh,1ad0eceb16be4c1e63b2a6ae,2026-09-10T13:13:00+00:00,0,benign,mobile_poller,0,0
137,part5-fresh,bb25c3a9388efe76a5629630,2026-09-10T13:13:00+00:00,0,benign,mobile_poller,0,0
138,part5-fresh,ecb6cac10bcecd42cce5800d,2026-09-10T13:13:00+00:00,0,benign,mobile_poller,0,0
139,part5-fresh,4140acc531ad7f7a3ddb5f37,2026-09-10T13:13:00+00:00,0,benign,impatient,0,0
140,part5-fresh,687bebd4f4aaf427b1192c96,2026-09-10T13:13:00+00:00,0,benign,impatient,0,0
141,part5-fresh,c6158d796b75c6718ae7916e,2026-09-10T13:13:00+00:00,0,benign,impatient,0,0
142,part5-fresh,eda8843a0e0c23fc6321487f,2026-09-10T13:13:00+00:00,0,benign,impatient,0,0
143,part5-fresh,b07e8f1d937997c53d0f8d79,2026-09-10T13:13:00+00:00,0,benign,impatient,0,0
144,part5-fresh,00f1cb7347ab69f266aa5517,2026-09-10T13:13:00+00:00,0,benign,impatient,0,0
145,part5-fresh,1c00380eb649a13312bc2609,2026-09-10T13:13:00+00:00,0,benign,impatient,0,0
146,part5-fresh,a2f3c5ffe11bf9f9e34760e8,2026-09-10T13:13:00+00:00,0,benign,impatient,0,0
147,part5-fresh,52772f94761cc17574fb2da5,2026-09-10T13:14:00+00:00,0,benign,browser,0,0
148,part5-fresh,f7827e09ea5b25cb154b94be,2026-09-10T13:14:00+00:00,0,benign,browser,0,0
149,part5-fresh,93e33ce1e0dccf1753b2efed,2026-09-10T13:14:00+00:00,0,benign,browser,0,0
150,part5-fresh,ef530cf26db974301e340f51,2026-09-10T13:14:00+00:00,0,benign,browser,0,0
151,part5-fresh,4a03389ab3b284f03b2045bd,2026-09-10T13:14:00+00:00,0,benign,browser,0,0
152,part5-fresh,99c8908fb6ab1ecac189ce43,2026-09-10T13:14:00+00:00,0,benign,browser,0,0
153,part5-fresh,6c9749bb31aac49d762ce078,2026-09-10T13:14:00+00:00,0,benign,browser,0,0
154,part5-fresh,71e708460d1da609689090ab,2026-09-10T13:14:00+00:00,0,benign,browser,0,0
155,part5-fresh,fc7c118f38b5b5807541bde7,2026-09-10T13:14:00+00:00,0,benign,shopper,0,0
156,part5-fresh,8df5bd541ac28b67812f2d50,2026-09-10T13:14:00+00:00,1,slow_brute_force,slow_brute_force,1,0
157,part5-fresh,58881edfdb5ee78be5be53bd,2026-09-10T13:14:00+00:00,1,low_and_slow_enumeration,low_and_slow_enumeration,0,0
158,part5-fresh,c61bb9a2b8ee0e04c398086f,2026-09-10T13:14:00+00:00,0,benign,shopper,0,0
159,part5-fresh,281504f4fc05792918189b56,2026-09-10T13:14:00+00:00,0,benign,shopper,0,0
160,part5-fresh,a0112e539ab7a6c611234b32,2026-09-10T13:14:00+00:00,1,credential_stuffing,credential_stuffing,1,0
161,part5-fresh,044ae00cfb246a3eb75eb85d,2026-09-10T13:14:00+00:00,1,api_flood,api_flood,1,0
162,part5-fresh,22184280e63d5ae6552669e1,2026-09-10T13:14:00+00:00,1,enumeration,enumeration,1,0
163,part5-fresh,9663e70026470e03ebdaa505,2026-09-10T13:14:00+00:00,1,sqli_probe,sqli_probe,1,0
164,part5-fresh,cc789cc39f13d23f17ffe8a7,2026-09-10T13:14:00+00:00,1,path_traversal,path_traversal,1,0
165,part5-fresh,f2835334f1edc3d001db3ce9,2026-09-10T13:14:00+00:00,0,benign,shopper,0,0
166,part5-fresh,0f70c62cb4613285bf7ae2a1,2026-09-10T13:14:00+00:00,0,benign,shopper,0,0
167,part5-fresh,b47310b4ba7a6c0b70565993,2026-09-10T13:14:00+00:00,0,benign,shopper,0,0
168,part5-fresh,fc39fb295b742cba75993c65,2026-09-10T13:14:00+00:00,0,benign,shopper,0,0
169,part5-fresh,cbd3b7547326ef085bbe43df,2026-09-10T13:14:00+00:00,0,benign,shopper,0,0
170,part5-fresh,995c0708887600813285cdc4,2026-09-10T13:14:00+00:00,0,benign,forgetful_user,0,0
171,part5-fresh,613c777fef5fb65a4ddc3009,2026-09-10T13:14:00+00:00,0,benign,forgetful_user,0,0
172,part5-fresh,6e743313a0ca45c7866f16ac,2026-09-10T13:14:00+00:00,0,benign,forgetful_user,0,0
173,part5-fresh,2687177b4c497261cc00e93f,2026-09-10T13:14:00+00:00,0,benign,forgetful_user,0,0
174,part5-fresh,f961e1a50c6755d1dfc586c9,2026-09-10T13:14:00+00:00,0,benign,forgetful_user,0,0
175,part5-fresh,4784f506e88fab172c1c075c,2026-09-10T13:14:00+00:00,0,benign,forgetful_user,0,0
176,part5-fresh,fa92f0ee395b3dd65fea016a,2026-09-10T13:14:00+00:00,0,benign,forgetful_user,0,0
177,part5-fresh,62e1fbddbab61dd45a228e96,2026-09-10T13:14:00+00:00,0,benign,forgetful_user,0,0
178,part5-fresh,934e4de1bde6bcea78aa87ab,2026-09-10T13:14:00+00:00,0,benign,dead_link_visitor,0,0
179,part5-fresh,be5e5d64ef32bb567b66349f,2026-09-10T13:14:00+00:00,0,benign,dead_link_visitor,0,0
180,part5-fresh,76df2292ae58da496356246a,2026-09-10T13:14:00+00:00,0,benign,dead_link_visitor,0,0
181,part5-fresh,d38a4573a44957bb99d67a0a,2026-09-10T13:14:00+00:00,0,benign,dead_link_visitor,0,0
182,part5-fresh,b949d662cc6037044cc5c036,2026-09-10T13:14:00+00:00,0,benign,dead_link_visitor,0,0
183,part5-fresh,14c0ab4036c0892a396f042c,2026-09-10T13:14:00+00:00,0,benign,dead_link_visitor,0,0
184,part5-fresh,618c9e82eac5a603d107ad36,2026-09-10T13:14:00+00:00,0,benign,dead_link_visitor,0,0
185,part5-fresh,e80a4540c1cf3c043c8a61f0,2026-09-10T13:14:00+00:00,0,benign,dead_link_visitor,0,0
186,part5-fresh,2869a95ef6dd170d6e3df919,2026-09-10T13:14:00+00:00,0,benign,search_heavy,0,0
187,part5-fresh,58d900fca84556d4228a544e,2026-09-10T13:14:00+00:00,0,benign,search_heavy,0,0
188,part5-fresh,bf45d50cc9dc3900da9e34bb,2026-09-10T13:14:00+00:00,0,benign,search_heavy,0,0
189,part5-fresh,4c7079333dd33e87b17292df,2026-09-10T13:14:00+00:00,0,benign,search_heavy,0,0
190,part5-fresh,961705f8e0ca41a6a165d988,2026-09-10T13:14:00+00:00,0,benign,search_heavy,0,0
191,part5-fresh,2d03d8e4617420527b5429ac,2026-09-10T13:14:00+00:00,0,benign,search_heavy,0,0
192,part5-fresh,02ee7fd7989c4ec7e9733c29,2026-09-10T13:14:00+00:00,0,benign,search_heavy,0,0
193,part5-fresh,13b48019c9550c135bd86f38,2026-09-10T13:14:00+00:00,0,benign,search_heavy,0,0
194,part5-fresh,c9d0db096f2de1490552bcff,2026-09-10T13:14:00+00:00,0,benign,mobile_poller,0,0
195,part5-fresh,64779ae1f7be4fb0734e5c18,2026-09-10T13:14:00+00:00,0,benign,mobile_poller,0,0
196,part5-fresh,957d1b91ab9a085451bda1b8,2026-09-10T13:14:00+00:00,0,benign,mobile_poller,0,0
197,part5-fresh,3b4251d20576e63ca8b5de70,2026-09-10T13:14:00+00:00,0,benign,mobile_poller,0,0
198,part5-fresh,a3676d98988850e621baf0b3,2026-09-10T13:14:00+00:00,0,benign,mobile_poller,0,0
199,part5-fresh,1ad0eceb16be4c1e63b2a6ae,2026-09-10T13:14:00+00:00,0,benign,mobile_poller,0,0
200,part5-fresh,bb25c3a9388efe76a5629630,2026-09-10T13:14:00+00:00,0,benign,mobile_poller,0,0
201,part5-fresh,ecb6cac10bcecd42cce5800d,2026-09-10T13:14:00+00:00,0,benign,mobile_poller,0,0
202,part5-fresh,4140acc531ad7f7a3ddb5f37,2026-09-10T13:14:00+00:00,0,benign,impatient,0,0
203,part5-fresh,687bebd4f4aaf427b1192c96,2026-09-10T13:14:00+00:00,0,benign,impatient,0,0
204,part5-fresh,c6158d796b75c6718ae7916e,2026-09-10T13:14:00+00:00,0,benign,impatient,0,0
205,part5-fresh,eda8843a0e0c23fc6321487f,2026-09-10T13:14:00+00:00,0,benign,impatient,0,0
206,part5-fresh,b07e8f1d937997c53d0f8d79,2026-09-10T13:14:00+00:00,0,benign,impatient,0,0
207,part5-fresh,00f1cb7347ab69f266aa5517,2026-09-10T13:14:00+00:00,0,benign,impatient,0,0
208,part5-fresh,1c00380eb649a13312bc2609,2026-09-10T13:14:00+00:00,0,benign,impatient,0,0
209,part5-fresh,a2f3c5ffe11bf9f9e34760e8,2026-09-10T13:14:00+00:00,0,benign,impatient,0,0
210,part5-fresh,52772f94761cc17574fb2da5,2026-09-10T13:15:00+00:00,0,benign,browser,0,0
211,part5-fresh,f7827e09ea5b25cb154b94be,2026-09-10T13:15:00+00:00,0,benign,browser,0,0
212,part5-fresh,93e33ce1e0dccf1753b2efed,2026-09-10T13:15:00+00:00,0,benign,browser,0,0
213,part5-fresh,ef530cf26db974301e340f51,2026-09-10T13:15:00+00:00,0,benign,browser,0,0
214,part5-fresh,4a03389ab3b284f03b2045bd,2026-09-10T13:15:00+00:00,0,benign,browser,0,0
215,part5-fresh,99c8908fb6ab1ecac189ce43,2026-09-10T13:15:00+00:00,0,benign,browser,0,0
216,part5-fresh,6c9749bb31aac49d762ce078,2026-09-10T13:15:00+00:00,0,benign,browser,0,0
217,part5-fresh,71e708460d1da609689090ab,2026-09-10T13:15:00+00:00,0,benign,browser,0,0
218,part5-fresh,fc7c118f38b5b5807541bde7,2026-09-10T13:15:00+00:00,0,benign,shopper,0,0
219,part5-fresh,8df5bd541ac28b67812f2d50,2026-09-10T13:15:00+00:00,1,slow_brute_force,slow_brute_force,1,0
220,part5-fresh,58881edfdb5ee78be5be53bd,2026-09-10T13:15:00+00:00,1,low_and_slow_enumeration,low_and_slow_enumeration,0,0
221,part5-fresh,c61bb9a2b8ee0e04c398086f,2026-09-10T13:15:00+00:00,0,benign,shopper,0,0
222,part5-fresh,281504f4fc05792918189b56,2026-09-10T13:15:00+00:00,0,benign,shopper,0,0
223,part5-fresh,a0112e539ab7a6c611234b32,2026-09-10T13:15:00+00:00,1,credential_stuffing,credential_stuffing,1,0
224,part5-fresh,044ae00cfb246a3eb75eb85d,2026-09-10T13:15:00+00:00,1,api_flood,api_flood,1,0
225,part5-fresh,22184280e63d5ae6552669e1,2026-09-10T13:15:00+00:00,1,enumeration,enumeration,1,0
226,part5-fresh,9663e70026470e03ebdaa505,2026-09-10T13:15:00+00:00,1,sqli_probe,sqli_probe,1,0
227,part5-fresh,cc789cc39f13d23f17ffe8a7,2026-09-10T13:15:00+00:00,1,path_traversal,path_traversal,1,0
228,part5-fresh,f2835334f1edc3d001db3ce9,2026-09-10T13:15:00+00:00,0,benign,shopper,0,0
229,part5-fresh,0f70c62cb4613285bf7ae2a1,2026-09-10T13:15:00+00:00,0,benign,shopper,0,0
230,part5-fresh,b47310b4ba7a6c0b70565993,2026-09-10T13:15:00+00:00,0,benign,shopper,0,0
231,part5-fresh,fc39fb295b742cba75993c65,2026-09-10T13:15:00+00:00,0,benign,shopper,0,0
232,part5-fresh,cbd3b7547326ef085bbe43df,2026-09-10T13:15:00+00:00,0,benign,shopper,0,0
233,part5-fresh,995c0708887600813285cdc4,2026-09-10T13:15:00+00:00,0,benign,forgetful_user,0,0
234,part5-fresh,613c777fef5fb65a4ddc3009,2026-09-10T13:15:00+00:00,0,benign,forgetful_user,0,0
235,part5-fresh,6e743313a0ca45c7866f16ac,2026-09-10T13:15:00+00:00,0,benign,forgetful_user,0,0
236,part5-fresh,2687177b4c497261cc00e93f,2026-09-10T13:15:00+00:00,0,benign,forgetful_user,0,0
237,part5-fresh,f961e1a50c6755d1dfc586c9,2026-09-10T13:15:00+00:00,0,benign,forgetful_user,0,0
238,part5-fresh,4784f506e88fab172c1c075c,2026-09-10T13:15:00+00:00,0,benign,forgetful_user,0,0
239,part5-fresh,fa92f0ee395b3dd65fea016a,2026-09-10T13:15:00+00:00,0,benign,forgetful_user,0,0
240,part5-fresh,62e1fbddbab61dd45a228e96,2026-09-10T13:15:00+00:00,0,benign,forgetful_user,0,0
241,part5-fresh,934e4de1bde6bcea78aa87ab,2026-09-10T13:15:00+00:00,0,benign,dead_link_visitor,0,0
242,part5-fresh,be5e5d64ef32bb567b66349f,2026-09-10T13:15:00+00:00,0,benign,dead_link_visitor,0,0
243,part5-fresh,76df2292ae58da496356246a,2026-09-10T13:15:00+00:00,0,benign,dead_link_visitor,0,0
244,part5-fresh,d38a4573a44957bb99d67a0a,2026-09-10T13:15:00+00:00,0,benign,dead_link_visitor,0,0
245,part5-fresh,b949d662cc6037044cc5c036,2026-09-10T13:15:00+00:00,0,benign,dead_link_visitor,0,0
246,part5-fresh,14c0ab4036c0892a396f042c,2026-09-10T13:15:00+00:00,0,benign,dead_link_visitor,0,0
247,part5-fresh,618c9e82eac5a603d107ad36,2026-09-10T13:15:00+00:00,0,benign,dead_link_visitor,0,0
248,part5-fresh,e80a4540c1cf3c043c8a61f0,2026-09-10T13:15:00+00:00,0,benign,dead_link_visitor,0,0
249,part5-fresh,2869a95ef6dd170d6e3df919,2026-09-10T13:15:00+00:00,0,benign,search_heavy,0,0
250,part5-fresh,58d900fca84556d4228a544e,2026-09-10T13:15:00+00:00,0,benign,search_heavy,0,0
251,part5-fresh,bf45d50cc9dc3900da9e34bb,2026-09-10T13:15:00+00:00,0,benign,search_heavy,0,0
252,part5-fresh,4c7079333dd33e87b17292df,2026-09-10T13:15:00+00:00,0,benign,search_heavy,0,0
253,part5-fresh,961705f8e0ca41a6a165d988,2026-09-10T13:15:00+00:00,0,benign,search_heavy,0,0
254,part5-fresh,2d03d8e4617420527b5429ac,2026-09-10T13:15:00+00:00,0,benign,search_heavy,0,0
255,part5-fresh,02ee7fd7989c4ec7e9733c29,2026-09-10T13:15:00+00:00,0,benign,search_heavy,0,0
256,part5-fresh,13b48019c9550c135bd86f38,2026-09-10T13:15:00+00:00,0,benign,search_heavy,0,0
257,part5-fresh,c9d0db096f2de1490552bcff,2026-09-10T13:15:00+00:00,0,benign,mobile_poller,0,0
258,part5-fresh,64779ae1f7be4fb0734e5c18,2026-09-10T13:15:00+00:00,0,benign,mobile_poller,0,0
259,part5-fresh,957d1b91ab9a085451bda1b8,2026-09-10T13:15:00+00:00,0,benign,mobile_poller,0,0
260,part5-fresh,3b4251d20576e63ca8b5de70,2026-09-10T13:15:00+00:00,0,benign,mobile_poller,0,0
261,part5-fresh,a3676d98988850e621baf0b3,2026-09-10T13:15:00+00:00,0,benign,mobile_poller,0,0
262,part5-fresh,1ad0eceb16be4c1e63b2a6ae,2026-09-10T13:15:00+00:00,0,benign,mobile_poller,0,0
263,part5-fresh,bb25c3a9388efe76a5629630,2026-09-10T13:15:00+00:00,0,benign,mobile_poller,0,0
264,part5-fresh,ecb6cac10bcecd42cce5800d,2026-09-10T13:15:00+00:00,0,benign,mobile_poller,0,0
265,part5-fresh,4140acc531ad7f7a3ddb5f37,2026-09-10T13:15:00+00:00,0,benign,impatient,0,0
266,part5-fresh,687bebd4f4aaf427b1192c96,2026-09-10T13:15:00+00:00,0,benign,impatient,0,0
267,part5-fresh,c6158d796b75c6718ae7916e,2026-09-10T13:15:00+00:00,0,benign,impatient,0,0
268,part5-fresh,eda8843a0e0c23fc6321487f,2026-09-10T13:15:00+00:00,0,benign,impatient,0,0
269,part5-fresh,b07e8f1d937997c53d0f8d79,2026-09-10T13:15:00+00:00,0,benign,impatient,0,0
270,part5-fresh,00f1cb7347ab69f266aa5517,2026-09-10T13:15:00+00:00,0,benign,impatient,0,0
271,part5-fresh,1c00380eb649a13312bc2609,2026-09-10T13:15:00+00:00,0,benign,impatient,0,0
272,part5-fresh,a2f3c5ffe11bf9f9e34760e8,2026-09-10T13:15:00+00:00,0,benign,impatient,0,0
273,part5-fresh,52772f94761cc17574fb2da5,2026-09-10T13:16:00+00:00,0,benign,browser,0,0
274,part5-fresh,f7827e09ea5b25cb154b94be,2026-09-10T13:16:00+00:00,0,benign,browser,0,0
275,part5-fresh,93e33ce1e0dccf1753b2efed,2026-09-10T13:16:00+00:00,0,benign,browser,0,0
276,part5-fresh,ef530cf26db974301e340f51,2026-09-10T13:16:00+00:00,0,benign,browser,0,0
277,part5-fresh,4a03389ab3b284f03b2045bd,2026-09-10T13:16:00+00:00,0,benign,browser,0,0
278,part5-fresh,99c8908fb6ab1ecac189ce43,2026-09-10T13:16:00+00:00,0,benign,browser,0,0
279,part5-fresh,6c9749bb31aac49d762ce078,2026-09-10T13:16:00+00:00,0,benign,browser,0,0
280,part5-fresh,71e708460d1da609689090ab,2026-09-10T13:16:00+00:00,0,benign,browser,0,0
281,part5-fresh,fc7c118f38b5b5807541bde7,2026-09-10T13:16:00+00:00,0,benign,shopper,0,0
282,part5-fresh,8df5bd541ac28b67812f2d50,2026-09-10T13:16:00+00:00,1,slow_brute_force,slow_brute_force,1,0
283,part5-fresh,58881edfdb5ee78be5be53bd,2026-09-10T13:16:00+00:00,1,low_and_slow_enumeration,low_and_slow_enumeration,0,0
284,part5-fresh,c61bb9a2b8ee0e04c398086f,2026-09-10T13:16:00+00:00,0,benign,shopper,0,0
285,part5-fresh,281504f4fc05792918189b56,2026-09-10T13:16:00+00:00,0,benign,shopper,0,0
286,part5-fresh,a0112e539ab7a6c611234b32,2026-09-10T13:16:00+00:00,1,credential_stuffing,credential_stuffing,1,0
287,part5-fresh,044ae00cfb246a3eb75eb85d,2026-09-10T13:16:00+00:00,1,api_flood,api_flood,1,0
288,part5-fresh,22184280e63d5ae6552669e1,2026-09-10T13:16:00+00:00,1,enumeration,enumeration,1,0
289,part5-fresh,9663e70026470e03ebdaa505,2026-09-10T13:16:00+00:00,1,sqli_probe,sqli_probe,1,0
290,part5-fresh,cc789cc39f13d23f17ffe8a7,2026-09-10T13:16:00+00:00,1,path_traversal,path_traversal,1,0
291,part5-fresh,f2835334f1edc3d001db3ce9,2026-09-10T13:16:00+00:00,0,benign,shopper,0,0
292,part5-fresh,0f70c62cb4613285bf7ae2a1,2026-09-10T13:16:00+00:00,0,benign,shopper,0,0
293,part5-fresh,b47310b4ba7a6c0b70565993,2026-09-10T13:16:00+00:00,0,benign,shopper,0,0
294,part5-fresh,fc39fb295b742cba75993c65,2026-09-10T13:16:00+00:00,0,benign,shopper,0,0
295,part5-fresh,cbd3b7547326ef085bbe43df,2026-09-10T13:16:00+00:00,0,benign,shopper,0,0
296,part5-fresh,995c0708887600813285cdc4,2026-09-10T13:16:00+00:00,0,benign,forgetful_user,0,0
297,part5-fresh,613c777fef5fb65a4ddc3009,2026-09-10T13:16:00+00:00,0,benign,forgetful_user,0,0
298,part5-fresh,6e743313a0ca45c7866f16ac,2026-09-10T13:16:00+00:00,0,benign,forgetful_user,0,0
299,part5-fresh,2687177b4c497261cc00e93f,2026-09-10T13:16:00+00:00,0,benign,forgetful_user,0,0
300,part5-fresh,f961e1a50c6755d1dfc586c9,2026-09-10T13:16:00+00:00,0,benign,forgetful_user,0,0
301,part5-fresh,4784f506e88fab172c1c075c,2026-09-10T13:16:00+00:00,0,benign,forgetful_user,0,0
302,part5-fresh,fa92f0ee395b3dd65fea016a,2026-09-10T13:16:00+00:00,0,benign,forgetful_user,0,0
303,part5-fresh,62e1fbddbab61dd45a228e96,2026-09-10T13:16:00+00:00,0,benign,forgetful_user,0,0
304,part5-fresh,934e4de1bde6bcea78aa87ab,2026-09-10T13:16:00+00:00,0,benign,dead_link_visitor,0,0
305,part5-fresh,be5e5d64ef32bb567b66349f,2026-09-10T13:16:00+00:00,0,benign,dead_link_visitor,0,0
306,part5-fresh,76df2292ae58da496356246a,2026-09-10T13:16:00+00:00,0,benign,dead_link_visitor,0,0
307,part5-fresh,d38a4573a44957bb99d67a0a,2026-09-10T13:16:00+00:00,0,benign,dead_link_visitor,0,0
308,part5-fresh,b949d662cc6037044cc5c036,2026-09-10T13:16:00+00:00,0,benign,dead_link_visitor,0,0
309,part5-fresh,14c0ab4036c0892a396f042c,2026-09-10T13:16:00+00:00,0,benign,dead_link_visitor,0,0
310,part5-fresh,618c9e82eac5a603d107ad36,2026-09-10T13:16:00+00:00,0,benign,dead_link_visitor,0,0
311,part5-fresh,e80a4540c1cf3c043c8a61f0,2026-09-10T13:16:00+00:00,0,benign,dead_link_visitor,0,0
312,part5-fresh,2869a95ef6dd170d6e3df919,2026-09-10T13:16:00+00:00,0,benign,search_heavy,0,0
313,part5-fresh,58d900fca84556d4228a544e,2026-09-10T13:16:00+00:00,0,benign,search_heavy,0,0
314,part5-fresh,bf45d50cc9dc3900da9e34bb,2026-09-10T13:16:00+00:00,0,benign,search_heavy,0,0
315,part5-fresh,4c7079333dd33e87b17292df,2026-09-10T13:16:00+00:00,0,benign,search_heavy,0,0
316,part5-fresh,961705f8e0ca41a6a165d988,2026-09-10T13:16:00+00:00,0,benign,search_heavy,0,0
317,part5-fresh,2d03d8e4617420527b5429ac,2026-09-10T13:16:00+00:00,0,benign,search_heavy,0,0
318,part5-fresh,02ee7fd7989c4ec7e9733c29,2026-09-10T13:16:00+00:00,0,benign,search_heavy,0,0
319,part5-fresh,13b48019c9550c135bd86f38,2026-09-10T13:16:00+00:00,0,benign,search_heavy,0,0
320,part5-fresh,c9d0db096f2de1490552bcff,2026-09-10T13:16:00+00:00,0,benign,mobile_poller,0,0
321,part5-fresh,64779ae1f7be4fb0734e5c18,2026-09-10T13:16:00+00:00,0,benign,mobile_poller,0,0
322,part5-fresh,957d1b91ab9a085451bda1b8,2026-09-10T13:16:00+00:00,0,benign,mobile_poller,0,0
323,part5-fresh,3b4251d20576e63ca8b5de70,2026-09-10T13:16:00+00:00,0,benign,mobile_poller,0,0
324,part5-fresh,a3676d98988850e621baf0b3,2026-09-10T13:16:00+00:00,0,benign,mobile_poller,0,0
325,part5-fresh,1ad0eceb16be4c1e63b2a6ae,2026-09-10T13:16:00+00:00,0,benign,mobile_poller,0,0
326,part5-fresh,bb25c3a9388efe76a5629630,2026-09-10T13:16:00+00:00,0,benign,mobile_poller,0,0
327,part5-fresh,ecb6cac10bcecd42cce5800d,2026-09-10T13:16:00+00:00,0,benign,mobile_poller,0,0
328,part5-fresh,4140acc531ad7f7a3ddb5f37,2026-09-10T13:16:00+00:00,0,benign,impatient,0,0
329,part5-fresh,687bebd4f4aaf427b1192c96,2026-09-10T13:16:00+00:00,0,benign,impatient,0,0
330,part5-fresh,c6158d796b75c6718ae7916e,2026-09-10T13:16:00+00:00,0,benign,impatient,0,0
331,part5-fresh,eda8843a0e0c23fc6321487f,2026-09-10T13:16:00+00:00,0,benign,impatient,0,0
332,part5-fresh,b07e8f1d937997c53d0f8d79,2026-09-10T13:16:00+00:00,0,benign,impatient,0,0
333,part5-fresh,00f1cb7347ab69f266aa5517,2026-09-10T13:16:00+00:00,0,benign,impatient,0,0
334,part5-fresh,1c00380eb649a13312bc2609,2026-09-10T13:16:00+00:00,0,benign,impatient,0,0
335,part5-fresh,a2f3c5ffe11bf9f9e34760e8,2026-09-10T13:16:00+00:00,0,benign,impatient,0,0
336,part5-fresh,52772f94761cc17574fb2da5,2026-09-10T13:17:00+00:00,0,benign,browser,0,0
337,part5-fresh,f7827e09ea5b25cb154b94be,2026-09-10T13:17:00+00:00,0,benign,browser,0,0
338,part5-fresh,93e33ce1e0dccf1753b2efed,2026-09-10T13:17:00+00:00,0,benign,browser,0,0
339,part5-fresh,ef530cf26db974301e340f51,2026-09-10T13:17:00+00:00,0,benign,browser,0,0
340,part5-fresh,4a03389ab3b284f03b2045bd,2026-09-10T13:17:00+00:00,0,benign,browser,0,0
341,part5-fresh,99c8908fb6ab1ecac189ce43,2026-09-10T13:17:00+00:00,0,benign,browser,0,0
342,part5-fresh,6c9749bb31aac49d762ce078,2026-09-10T13:17:00+00:00,0,benign,browser,0,0
343,part5-fresh,71e708460d1da609689090ab,2026-09-10T13:17:00+00:00,0,benign,browser,0,0
344,part5-fresh,fc7c118f38b5b5807541bde7,2026-09-10T13:17:00+00:00,0,benign,shopper,0,0
345,part5-fresh,8df5bd541ac28b67812f2d50,2026-09-10T13:17:00+00:00,1,slow_brute_force,slow_brute_force,1,0
346,part5-fresh,58881edfdb5ee78be5be53bd,2026-09-10T13:17:00+00:00,1,low_and_slow_enumeration,low_and_slow_enumeration,1,0
347,part5-fresh,c61bb9a2b8ee0e04c398086f,2026-09-10T13:17:00+00:00,0,benign,shopper,0,0
348,part5-fresh,281504f4fc05792918189b56,2026-09-10T13:17:00+00:00,0,benign,shopper,0,0
349,part5-fresh,a0112e539ab7a6c611234b32,2026-09-10T13:17:00+00:00,1,credential_stuffing,credential_stuffing,1,0
350,part5-fresh,044ae00cfb246a3eb75eb85d,2026-09-10T13:17:00+00:00,1,api_flood,api_flood,1,0
351,part5-fresh,22184280e63d5ae6552669e1,2026-09-10T13:17:00+00:00,1,enumeration,enumeration,1,0
352,part5-fresh,9663e70026470e03ebdaa505,2026-09-10T13:17:00+00:00,1,sqli_probe,sqli_probe,1,0
353,part5-fresh,cc789cc39f13d23f17ffe8a7,2026-09-10T13:17:00+00:00,1,path_traversal,path_traversal,1,0
354,part5-fresh,f2835334f1edc3d001db3ce9,2026-09-10T13:17:00+00:00,0,benign,shopper,0,0
355,part5-fresh,0f70c62cb4613285bf7ae2a1,2026-09-10T13:17:00+00:00,0,benign,shopper,0,0
356,part5-fresh,b47310b4ba7a6c0b70565993,2026-09-10T13:17:00+00:00,0,benign,shopper,0,0
357,part5-fresh,fc39fb295b742cba75993c65,2026-09-10T13:17:00+00:00,0,benign,shopper,0,0
358,part5-fresh,cbd3b7547326ef085bbe43df,2026-09-10T13:17:00+00:00,0,benign,shopper,0,0
359,part5-fresh,995c0708887600813285cdc4,2026-09-10T13:17:00+00:00,0,benign,forgetful_user,0,0
360,part5-fresh,613c777fef5fb65a4ddc3009,2026-09-10T13:17:00+00:00,0,benign,forgetful_user,0,0
361,part5-fresh,6e743313a0ca45c7866f16ac,2026-09-10T13:17:00+00:00,0,benign,forgetful_user,0,0
362,part5-fresh,2687177b4c497261cc00e93f,2026-09-10T13:17:00+00:00,0,benign,forgetful_user,0,0
363,part5-fresh,f961e1a50c6755d1dfc586c9,2026-09-10T13:17:00+00:00,0,benign,forgetful_user,0,0
364,part5-fresh,4784f506e88fab172c1c075c,2026-09-10T13:17:00+00:00,0,benign,forgetful_user,0,0
365,part5-fresh,fa92f0ee395b3dd65fea016a,2026-09-10T13:17:00+00:00,0,benign,forgetful_user,0,0
366,part5-fresh,62e1fbddbab61dd45a228e96,2026-09-10T13:17:00+00:00,0,benign,forgetful_user,0,0
367,part5-fresh,934e4de1bde6bcea78aa87ab,2026-09-10T13:17:00+00:00,0,benign,dead_link_visitor,0,0
368,part5-fresh,be5e5d64ef32bb567b66349f,2026-09-10T13:17:00+00:00,0,benign,dead_link_visitor,0,0
369,part5-fresh,76df2292ae58da496356246a,2026-09-10T13:17:00+00:00,0,benign,dead_link_visitor,0,0
370,part5-fresh,d38a4573a44957bb99d67a0a,2026-09-10T13:17:00+00:00,0,benign,dead_link_visitor,0,0
371,part5-fresh,b949d662cc6037044cc5c036,2026-09-10T13:17:00+00:00,0,benign,dead_link_visitor,0,0
372,part5-fresh,14c0ab4036c0892a396f042c,2026-09-10T13:17:00+00:00,0,benign,dead_link_visitor,0,0
373,part5-fresh,618c9e82eac5a603d107ad36,2026-09-10T13:17:00+00:00,0,benign,dead_link_visitor,0,0
374,part5-fresh,e80a4540c1cf3c043c8a61f0,2026-09-10T13:17:00+00:00,0,benign,dead_link_visitor,0,0
375,part5-fresh,2869a95ef6dd170d6e3df919,2026-09-10T13:17:00+00:00,0,benign,search_heavy,0,0
376,part5-fresh,58d900fca84556d4228a544e,2026-09-10T13:17:00+00:00,0,benign,search_heavy,0,0
377,part5-fresh,bf45d50cc9dc3900da9e34bb,2026-09-10T13:17:00+00:00,0,benign,search_heavy,0,0
378,part5-fresh,4c7079333dd33e87b17292df,2026-09-10T13:17:00+00:00,0,benign,search_heavy,0,0
379,part5-fresh,961705f8e0ca41a6a165d988,2026-09-10T13:17:00+00:00,0,benign,search_heavy,0,0
380,part5-fresh,2d03d8e4617420527b5429ac,2026-09-10T13:17:00+00:00,0,benign,search_heavy,0,0
381,part5-fresh,02ee7fd7989c4ec7e9733c29,2026-09-10T13:17:00+00:00,0,benign,search_heavy,0,0
382,part5-fresh,13b48019c9550c135bd86f38,2026-09-10T13:17:00+00:00,0,benign,search_heavy,0,0
383,part5-fresh,c9d0db096f2de1490552bcff,2026-09-10T13:17:00+00:00,0,benign,mobile_poller,0,0
384,part5-fresh,64779ae1f7be4fb0734e5c18,2026-09-10T13:17:00+00:00,0,benign,mobile_poller,0,0
385,part5-fresh,957d1b91ab9a085451bda1b8,2026-09-10T13:17:00+00:00,0,benign,mobile_poller,0,0
386,part5-fresh,3b4251d20576e63ca8b5de70,2026-09-10T13:17:00+00:00,0,benign,mobile_poller,0,0
387,part5-fresh,a3676d98988850e621baf0b3,2026-09-10T13:17:00+00:00,0,benign,mobile_poller,0,0
388,part5-fresh,1ad0eceb16be4c1e63b2a6ae,2026-09-10T13:17:00+00:00,0,benign,mobile_poller,0,0
389,part5-fresh,bb25c3a9388efe76a5629630,2026-09-10T13:17:00+00:00,0,benign,mobile_poller,0,0
390,part5-fresh,ecb6cac10bcecd42cce5800d,2026-09-10T13:17:00+00:00,0,benign,mobile_poller,0,0
391,part5-fresh,4140acc531ad7f7a3ddb5f37,2026-09-10T13:17:00+00:00,0,benign,impatient,0,0
392,part5-fresh,687bebd4f4aaf427b1192c96,2026-09-10T13:17:00+00:00,0,benign,impatient,0,0
393,part5-fresh,c6158d796b75c6718ae7916e,2026-09-10T13:17:00+00:00,0,benign,impatient,0,0
394,part5-fresh,eda8843a0e0c23fc6321487f,2026-09-10T13:17:00+00:00,0,benign,impatient,0,0
395,part5-fresh,b07e8f1d937997c53d0f8d79,2026-09-10T13:17:00+00:00,0,benign,impatient,0,0
396,part5-fresh,00f1cb7347ab69f266aa5517,2026-09-10T13:17:00+00:00,0,benign,impatient,0,0
397,part5-fresh,1c00380eb649a13312bc2609,2026-09-10T13:17:00+00:00,0,benign,impatient,0,0
398,part5-fresh,a2f3c5ffe11bf9f9e34760e8,2026-09-10T13:17:00+00:00,0,benign,impatient,0,0
399,part5-fresh,52772f94761cc17574fb2da5,2026-09-10T13:18:00+00:00,0,benign,browser,0,0
400,part5-fresh,f7827e09ea5b25cb154b94be,2026-09-10T13:18:00+00:00,0,benign,browser,0,0
401,part5-fresh,93e33ce1e0dccf1753b2efed,2026-09-10T13:18:00+00:00,0,benign,browser,0,0
402,part5-fresh,ef530cf26db974301e340f51,2026-09-10T13:18:00+00:00,0,benign,browser,0,0
403,part5-fresh,4a03389ab3b284f03b2045bd,2026-09-10T13:18:00+00:00,0,benign,browser,0,0
404,part5-fresh,99c8908fb6ab1ecac189ce43,2026-09-10T13:18:00+00:00,0,benign,browser,0,0
405,part5-fresh,6c9749bb31aac49d762ce078,2026-09-10T13:18:00+00:00,0,benign,browser,0,0
406,part5-fresh,71e708460d1da609689090ab,2026-09-10T13:18:00+00:00,0,benign,browser,0,0
407,part5-fresh,fc7c118f38b5b5807541bde7,2026-09-10T13:18:00+00:00,0,benign,shopper,0,0
408,part5-fresh,8df5bd541ac28b67812f2d50,2026-09-10T13:18:00+00:00,1,slow_brute_force,slow_brute_force,1,0
409,part5-fresh,58881edfdb5ee78be5be53bd,2026-09-10T13:18:00+00:00,1,low_and_slow_enumeration,low_and_slow_enumeration,1,0
410,part5-fresh,c61bb9a2b8ee0e04c398086f,2026-09-10T13:18:00+00:00,0,benign,shopper,0,0
411,part5-fresh,281504f4fc05792918189b56,2026-09-10T13:18:00+00:00,0,benign,shopper,0,0
412,part5-fresh,a0112e539ab7a6c611234b32,2026-09-10T13:18:00+00:00,1,credential_stuffing,credential_stuffing,1,0
413,part5-fresh,044ae00cfb246a3eb75eb85d,2026-09-10T13:18:00+00:00,1,api_flood,api_flood,1,0
414,part5-fresh,22184280e63d5ae6552669e1,2026-09-10T13:18:00+00:00,1,enumeration,enumeration,1,0
415,part5-fresh,9663e70026470e03ebdaa505,2026-09-10T13:18:00+00:00,1,sqli_probe,sqli_probe,1,0
416,part5-fresh,cc789cc39f13d23f17ffe8a7,2026-09-10T13:18:00+00:00,1,path_traversal,path_traversal,1,0
417,part5-fresh,f2835334f1edc3d001db3ce9,2026-09-10T13:18:00+00:00,0,benign,shopper,0,0
418,part5-fresh,0f70c62cb4613285bf7ae2a1,2026-09-10T13:18:00+00:00,0,benign,shopper,0,0
419,part5-fresh,b47310b4ba7a6c0b70565993,2026-09-10T13:18:00+00:00,0,benign,shopper,0,0
420,part5-fresh,fc39fb295b742cba75993c65,2026-09-10T13:18:00+00:00,0,benign,shopper,0,0
421,part5-fresh,cbd3b7547326ef085bbe43df,2026-09-10T13:18:00+00:00,0,benign,shopper,0,0
422,part5-fresh,995c0708887600813285cdc4,2026-09-10T13:18:00+00:00,0,benign,forgetful_user,0,0
423,part5-fresh,613c777fef5fb65a4ddc3009,2026-09-10T13:18:00+00:00,0,benign,forgetful_user,0,0
424,part5-fresh,6e743313a0ca45c7866f16ac,2026-09-10T13:18:00+00:00,0,benign,forgetful_user,0,0
425,part5-fresh,2687177b4c497261cc00e93f,2026-09-10T13:18:00+00:00,0,benign,forgetful_user,0,0
426,part5-fresh,f961e1a50c6755d1dfc586c9,2026-09-10T13:18:00+00:00,0,benign,forgetful_user,0,0
427,part5-fresh,4784f506e88fab172c1c075c,2026-09-10T13:18:00+00:00,0,benign,forgetful_user,0,0
428,part5-fresh,fa92f0ee395b3dd65fea016a,2026-09-10T13:18:00+00:00,0,benign,forgetful_user,0,0
429,part5-fresh,62e1fbddbab61dd45a228e96,2026-09-10T13:18:00+00:00,0,benign,forgetful_user,0,0
430,part5-fresh,934e4de1bde6bcea78aa87ab,2026-09-10T13:18:00+00:00,0,benign,dead_link_visitor,0,0
431,part5-fresh,be5e5d64ef32bb567b66349f,2026-09-10T13:18:00+00:00,0,benign,dead_link_visitor,0,0
432,part5-fresh,76df2292ae58da496356246a,2026-09-10T13:18:00+00:00,0,benign,dead_link_visitor,0,0
433,part5-fresh,d38a4573a44957bb99d67a0a,2026-09-10T13:18:00+00:00,0,benign,dead_link_visitor,0,0
434,part5-fresh,b949d662cc6037044cc5c036,2026-09-10T13:18:00+00:00,0,benign,dead_link_visitor,0,0
435,part5-fresh,14c0ab4036c0892a396f042c,2026-09-10T13:18:00+00:00,0,benign,dead_link_visitor,0,0
436,part5-fresh,618c9e82eac5a603d107ad36,2026-09-10T13:18:00+00:00,0,benign,dead_link_visitor,0,0
437,part5-fresh,e80a4540c1cf3c043c8a61f0,2026-09-10T13:18:00+00:00,0,benign,dead_link_visitor,0,0
438,part5-fresh,2869a95ef6dd170d6e3df919,2026-09-10T13:18:00+00:00,0,benign,search_heavy,0,0
439,part5-fresh,58d900fca84556d4228a544e,2026-09-10T13:18:00+00:00,0,benign,search_heavy,0,0
440,part5-fresh,bf45d50cc9dc3900da9e34bb,2026-09-10T13:18:00+00:00,0,benign,search_heavy,0,0
441,part5-fresh,4c7079333dd33e87b17292df,2026-09-10T13:18:00+00:00,0,benign,search_heavy,0,0
442,part5-fresh,961705f8e0ca41a6a165d988,2026-09-10T13:18:00+00:00,0,benign,search_heavy,0,0
443,part5-fresh,2d03d8e4617420527b5429ac,2026-09-10T13:18:00+00:00,0,benign,search_heavy,0,0
444,part5-fresh,02ee7fd7989c4ec7e9733c29,2026-09-10T13:18:00+00:00,0,benign,search_heavy,0,0
445,part5-fresh,13b48019c9550c135bd86f38,2026-09-10T13:18:00+00:00,0,benign,search_heavy,0,0
446,part5-fresh,c9d0db096f2de1490552bcff,2026-09-10T13:18:00+00:00,0,benign,mobile_poller,0,0
447,part5-fresh,64779ae1f7be4fb0734e5c18,2026-09-10T13:18:00+00:00,0,benign,mobile_poller,0,0
448,part5-fresh,957d1b91ab9a085451bda1b8,2026-09-10T13:18:00+00:00,0,benign,mobile_poller,0,0
449,part5-fresh,3b4251d20576e63ca8b5de70,2026-09-10T13:18:00+00:00,0,benign,mobile_poller,0,0
450,part5-fresh,a3676d98988850e621baf0b3,2026-09-10T13:18:00+00:00,0,benign,mobile_poller,0,0
451,part5-fresh,1ad0eceb16be4c1e63b2a6ae,2026-09-10T13:18:00+00:00,0,benign,mobile_poller,0,0
452,part5-fresh,bb25c3a9388efe76a5629630,2026-09-10T13:18:00+00:00,0,benign,mobile_poller,0,0
453,part5-fresh,ecb6cac10bcecd42cce5800d,2026-09-10T13:18:00+00:00,0,benign,mobile_poller,0,0
454,part5-fresh,4140acc531ad7f7a3ddb5f37,2026-09-10T13:18:00+00:00,0,benign,impatient,0,0
455,part5-fresh,687bebd4f4aaf427b1192c96,2026-09-10T13:18:00+00:00,0,benign,impatient,0,0
456,part5-fresh,c6158d796b75c6718ae7916e,2026-09-10T13:18:00+00:00,0,benign,impatient,0,0
457,part5-fresh,eda8843a0e0c23fc6321487f,2026-09-10T13:18:00+00:00,0,benign,impatient,0,0
458,part5-fresh,b07e8f1d937997c53d0f8d79,2026-09-10T13:18:00+00:00,0,benign,impatient,0,0
459,part5-fresh,00f1cb7347ab69f266aa5517,2026-09-10T13:18:00+00:00,0,benign,impatient,0,0
460,part5-fresh,1c00380eb649a13312bc2609,2026-09-10T13:18:00+00:00,0,benign,impatient,0,0
461,part5-fresh,a2f3c5ffe11bf9f9e34760e8,2026-09-10T13:18:00+00:00,0,benign,impatient,0,0
462,part5-fresh,52772f94761cc17574fb2da5,2026-09-10T13:19:00+00:00,0,benign,browser,0,0
463,part5-fresh,f7827e09ea5b25cb154b94be,2026-09-10T13:19:00+00:00,0,benign,browser,0,0
464,part5-fresh,93e33ce1e0dccf1753b2efed,2026-09-10T13:19:00+00:00,0,benign,browser,0,0
465,part5-fresh,ef530cf26db974301e340f51,2026-09-10T13:19:00+00:00,0,benign,browser,0,0
466,part5-fresh,4a03389ab3b284f03b2045bd,2026-09-10T13:19:00+00:00,0,benign,browser,0,0
467,part5-fresh,99c8908fb6ab1ecac189ce43,2026-09-10T13:19:00+00:00,0,benign,browser,0,0
468,part5-fresh,6c9749bb31aac49d762ce078,2026-09-10T13:19:00+00:00,0,benign,browser,0,0
469,part5-fresh,71e708460d1da609689090ab,2026-09-10T13:19:00+00:00,0,benign,browser,0,0
470,part5-fresh,fc7c118f38b5b5807541bde7,2026-09-10T13:19:00+00:00,0,benign,shopper,0,0
471,part5-fresh,8df5bd541ac28b67812f2d50,2026-09-10T13:19:00+00:00,1,slow_brute_force,slow_brute_force,1,0
472,part5-fresh,58881edfdb5ee78be5be53bd,2026-09-10T13:19:00+00:00,1,low_and_slow_enumeration,low_and_slow_enumeration,1,0
473,part5-fresh,c61bb9a2b8ee0e04c398086f,2026-09-10T13:19:00+00:00,0,benign,shopper,0,0
474,part5-fresh,281504f4fc05792918189b56,2026-09-10T13:19:00+00:00,0,benign,shopper,0,0
475,part5-fresh,a0112e539ab7a6c611234b32,2026-09-10T13:19:00+00:00,1,credential_stuffing,credential_stuffing,1,0
476,part5-fresh,044ae00cfb246a3eb75eb85d,2026-09-10T13:19:00+00:00,1,api_flood,api_flood,1,0
477,part5-fresh,22184280e63d5ae6552669e1,2026-09-10T13:19:00+00:00,1,enumeration,enumeration,1,0
478,part5-fresh,9663e70026470e03ebdaa505,2026-09-10T13:19:00+00:00,1,sqli_probe,sqli_probe,1,0
479,part5-fresh,cc789cc39f13d23f17ffe8a7,2026-09-10T13:19:00+00:00,1,path_traversal,path_traversal,1,0
480,part5-fresh,f2835334f1edc3d001db3ce9,2026-09-10T13:19:00+00:00,0,benign,shopper,0,0
481,part5-fresh,0f70c62cb4613285bf7ae2a1,2026-09-10T13:19:00+00:00,0,benign,shopper,0,0
482,part5-fresh,b47310b4ba7a6c0b70565993,2026-09-10T13:19:00+00:00,0,benign,shopper,0,0
483,part5-fresh,fc39fb295b742cba75993c65,2026-09-10T13:19:00+00:00,0,benign,shopper,0,0
484,part5-fresh,cbd3b7547326ef085bbe43df,2026-09-10T13:19:00+00:00,0,benign,shopper,0,0
485,part5-fresh,995c0708887600813285cdc4,2026-09-10T13:19:00+00:00,0,benign,forgetful_user,0,0
486,part5-fresh,613c777fef5fb65a4ddc3009,2026-09-10T13:19:00+00:00,0,benign,forgetful_user,0,0
487,part5-fresh,6e743313a0ca45c7866f16ac,2026-09-10T13:19:00+00:00,0,benign,forgetful_user,0,0
488,part5-fresh,2687177b4c497261cc00e93f,2026-09-10T13:19:00+00:00,0,benign,forgetful_user,0,0
489,part5-fresh,f961e1a50c6755d1dfc586c9,2026-09-10T13:19:00+00:00,0,benign,forgetful_user,0,0
490,part5-fresh,4784f506e88fab172c1c075c,2026-09-10T13:19:00+00:00,0,benign,forgetful_user,0,0
491,part5-fresh,fa92f0ee395b3dd65fea016a,2026-09-10T13:19:00+00:00,0,benign,forgetful_user,0,0
492,part5-fresh,62e1fbddbab61dd45a228e96,2026-09-10T13:19:00+00:00,0,benign,forgetful_user,0,0
493,part5-fresh,934e4de1bde6bcea78aa87ab,2026-09-10T13:19:00+00:00,0,benign,dead_link_visitor,0,0
494,part5-fresh,be5e5d64ef32bb567b66349f,2026-09-10T13:19:00+00:00,0,benign,dead_link_visitor,0,0
495,part5-fresh,76df2292ae58da496356246a,2026-09-10T13:19:00+00:00,0,benign,dead_link_visitor,0,0
496,part5-fresh,d38a4573a44957bb99d67a0a,2026-09-10T13:19:00+00:00,0,benign,dead_link_visitor,0,0
497,part5-fresh,b949d662cc6037044cc5c036,2026-09-10T13:19:00+00:00,0,benign,dead_link_visitor,0,0
498,part5-fresh,14c0ab4036c0892a396f042c,2026-09-10T13:19:00+00:00,0,benign,dead_link_visitor,0,0
499,part5-fresh,618c9e82eac5a603d107ad36,2026-09-10T13:19:00+00:00,0,benign,dead_link_visitor,0,0
500,part5-fresh,e80a4540c1cf3c043c8a61f0,2026-09-10T13:19:00+00:00,0,benign,dead_link_visitor,0,0
501,part5-fresh,2869a95ef6dd170d6e3df919,2026-09-10T13:19:00+00:00,0,benign,search_heavy,0,0
502,part5-fresh,58d900fca84556d4228a544e,2026-09-10T13:19:00+00:00,0,benign,search_heavy,0,0
503,part5-fresh,bf45d50cc9dc3900da9e34bb,2026-09-10T13:19:00+00:00,0,benign,search_heavy,0,0
504,part5-fresh,4c7079333dd33e87b17292df,2026-09-10T13:19:00+00:00,0,benign,search_heavy,0,0
505,part5-fresh,961705f8e0ca41a6a165d988,2026-09-10T13:19:00+00:00,0,benign,search_heavy,0,0
506,part5-fresh,2d03d8e4617420527b5429ac,2026-09-10T13:19:00+00:00,0,benign,search_heavy,0,0
507,part5-fresh,02ee7fd7989c4ec7e9733c29,2026-09-10T13:19:00+00:00,0,benign,search_heavy,0,0
508,part5-fresh,13b48019c9550c135bd86f38,2026-09-10T13:19:00+00:00,0,benign,search_heavy,0,0
509,part5-fresh,c9d0db096f2de1490552bcff,2026-09-10T13:19:00+00:00,0,benign,mobile_poller,0,0
510,part5-fresh,64779ae1f7be4fb0734e5c18,2026-09-10T13:19:00+00:00,0,benign,mobile_poller,0,0
511,part5-fresh,957d1b91ab9a085451bda1b8,2026-09-10T13:19:00+00:00,0,benign,mobile_poller,0,0
512,part5-fresh,3b4251d20576e63ca8b5de70,2026-09-10T13:19:00+00:00,0,benign,mobile_poller,0,0
513,part5-fresh,a3676d98988850e621baf0b3,2026-09-10T13:19:00+00:00,0,benign,mobile_poller,0,0
514,part5-fresh,1ad0eceb16be4c1e63b2a6ae,2026-09-10T13:19:00+00:00,0,benign,mobile_poller,0,0
515,part5-fresh,bb25c3a9388efe76a5629630,2026-09-10T13:19:00+00:00,0,benign,mobile_poller,0,0
516,part5-fresh,ecb6cac10bcecd42cce5800d,2026-09-10T13:19:00+00:00,0,benign,mobile_poller,0,0
517,part5-fresh,4140acc531ad7f7a3ddb5f37,2026-09-10T13:19:00+00:00,0,benign,impatient,0,0
518,part5-fresh,687bebd4f4aaf427b1192c96,2026-09-10T13:19:00+00:00,0,benign,impatient,0,0
519,part5-fresh,c6158d796b75c6718ae7916e,2026-09-10T13:19:00+00:00,0,benign,impatient,0,0
520,part5-fresh,eda8843a0e0c23fc6321487f,2026-09-10T13:19:00+00:00,0,benign,impatient,0,0
521,part5-fresh,b07e8f1d937997c53d0f8d79,2026-09-10T13:19:00+00:00,0,benign,impatient,0,0
522,part5-fresh,00f1cb7347ab69f266aa5517,2026-09-10T13:19:00+00:00,0,benign,impatient,0,0
523,part5-fresh,1c00380eb649a13312bc2609,2026-09-10T13:19:00+00:00,0,benign,impatient,0,0
524,part5-fresh,a2f3c5ffe11bf9f9e34760e8,2026-09-10T13:19:00+00:00,0,benign,impatient,0,0
525,part5-fresh,52772f94761cc17574fb2da5,2026-09-10T13:20:00+00:00,0,benign,browser,0,0
526,part5-fresh,f7827e09ea5b25cb154b94be,2026-09-10T13:20:00+00:00,0,benign,browser,0,0
527,part5-fresh,93e33ce1e0dccf1753b2efed,2026-09-10T13:20:00+00:00,0,benign,browser,0,0
528,part5-fresh,ef530cf26db974301e340f51,2026-09-10T13:20:00+00:00,0,benign,browser,0,0
529,part5-fresh,4a03389ab3b284f03b2045bd,2026-09-10T13:20:00+00:00,0,benign,browser,0,0
530,part5-fresh,99c8908fb6ab1ecac189ce43,2026-09-10T13:20:00+00:00,0,benign,browser,0,0
531,part5-fresh,6c9749bb31aac49d762ce078,2026-09-10T13:20:00+00:00,0,benign,browser,0,0
532,part5-fresh,71e708460d1da609689090ab,2026-09-10T13:20:00+00:00,0,benign,browser,0,0
533,part5-fresh,fc7c118f38b5b5807541bde7,2026-09-10T13:20:00+00:00,0,benign,shopper,0,0
534,part5-fresh,8df5bd541ac28b67812f2d50,2026-09-10T13:20:00+00:00,1,slow_brute_force,slow_brute_force,1,0
535,part5-fresh,58881edfdb5ee78be5be53bd,2026-09-10T13:20:00+00:00,1,low_and_slow_enumeration,low_and_slow_enumeration,1,0
536,part5-fresh,c61bb9a2b8ee0e04c398086f,2026-09-10T13:20:00+00:00,0,benign,shopper,0,0
537,part5-fresh,281504f4fc05792918189b56,2026-09-10T13:20:00+00:00,0,benign,shopper,0,0
538,part5-fresh,a0112e539ab7a6c611234b32,2026-09-10T13:20:00+00:00,1,credential_stuffing,credential_stuffing,1,0
539,part5-fresh,044ae00cfb246a3eb75eb85d,2026-09-10T13:20:00+00:00,1,api_flood,api_flood,1,0
540,part5-fresh,22184280e63d5ae6552669e1,2026-09-10T13:20:00+00:00,1,enumeration,enumeration,1,0
541,part5-fresh,9663e70026470e03ebdaa505,2026-09-10T13:20:00+00:00,1,sqli_probe,sqli_probe,1,0
542,part5-fresh,cc789cc39f13d23f17ffe8a7,2026-09-10T13:20:00+00:00,1,path_traversal,path_traversal,1,0
543,part5-fresh,f2835334f1edc3d001db3ce9,2026-09-10T13:20:00+00:00,0,benign,shopper,0,0
544,part5-fresh,0f70c62cb4613285bf7ae2a1,2026-09-10T13:20:00+00:00,0,benign,shopper,0,0
545,part5-fresh,b47310b4ba7a6c0b70565993,2026-09-10T13:20:00+00:00,0,benign,shopper,0,0
546,part5-fresh,fc39fb295b742cba75993c65,2026-09-10T13:20:00+00:00,0,benign,shopper,0,0
547,part5-fresh,cbd3b7547326ef085bbe43df,2026-09-10T13:20:00+00:00,0,benign,shopper,0,0
548,part5-fresh,995c0708887600813285cdc4,2026-09-10T13:20:00+00:00,0,benign,forgetful_user,0,0
549,part5-fresh,613c777fef5fb65a4ddc3009,2026-09-10T13:20:00+00:00,0,benign,forgetful_user,0,0
550,part5-fresh,6e743313a0ca45c7866f16ac,2026-09-10T13:20:00+00:00,0,benign,forgetful_user,0,0
551,part5-fresh,2687177b4c497261cc00e93f,2026-09-10T13:20:00+00:00,0,benign,forgetful_user,0,0
552,part5-fresh,f961e1a50c6755d1dfc586c9,2026-09-10T13:20:00+00:00,0,benign,forgetful_user,0,0
553,part5-fresh,4784f506e88fab172c1c075c,2026-09-10T13:20:00+00:00,0,benign,forgetful_user,0,0
554,part5-fresh,fa92f0ee395b3dd65fea016a,2026-09-10T13:20:00+00:00,0,benign,forgetful_user,0,0
555,part5-fresh,62e1fbddbab61dd45a228e96,2026-09-10T13:20:00+00:00,0,benign,forgetful_user,0,0
556,part5-fresh,934e4de1bde6bcea78aa87ab,2026-09-10T13:20:00+00:00,0,benign,dead_link_visitor,0,0
557,part5-fresh,be5e5d64ef32bb567b66349f,2026-09-10T13:20:00+00:00,0,benign,dead_link_visitor,0,0
558,part5-fresh,76df2292ae58da496356246a,2026-09-10T13:20:00+00:00,0,benign,dead_link_visitor,0,0
559,part5-fresh,d38a4573a44957bb99d67a0a,2026-09-10T13:20:00+00:00,0,benign,dead_link_visitor,0,0
560,part5-fresh,b949d662cc6037044cc5c036,2026-09-10T13:20:00+00:00,0,benign,dead_link_visitor,0,0
561,part5-fresh,14c0ab4036c0892a396f042c,2026-09-10T13:20:00+00:00,0,benign,dead_link_visitor,0,0
562,part5-fresh,618c9e82eac5a603d107ad36,2026-09-10T13:20:00+00:00,0,benign,dead_link_visitor,0,0
563,part5-fresh,e80a4540c1cf3c043c8a61f0,2026-09-10T13:20:00+00:00,0,benign,dead_link_visitor,0,0
564,part5-fresh,2869a95ef6dd170d6e3df919,2026-09-10T13:20:00+00:00,0,benign,search_heavy,0,0
565,part5-fresh,58d900fca84556d4228a544e,2026-09-10T13:20:00+00:00,0,benign,search_heavy,0,0
566,part5-fresh,bf45d50cc9dc3900da9e34bb,2026-09-10T13:20:00+00:00,0,benign,search_heavy,0,0
567,part5-fresh,4c7079333dd33e87b17292df,2026-09-10T13:20:00+00:00,0,benign,search_heavy,0,0
568,part5-fresh,961705f8e0ca41a6a165d988,2026-09-10T13:20:00+00:00,0,benign,search_heavy,0,0
569,part5-fresh,2d03d8e4617420527b5429ac,2026-09-10T13:20:00+00:00,0,benign,search_heavy,0,0
570,part5-fresh,02ee7fd7989c4ec7e9733c29,2026-09-10T13:20:00+00:00,0,benign,search_heavy,0,0
571,part5-fresh,13b48019c9550c135bd86f38,2026-09-10T13:20:00+00:00,0,benign,search_heavy,0,0
572,part5-fresh,c9d0db096f2de1490552bcff,2026-09-10T13:20:00+00:00,0,benign,mobile_poller,0,0
573,part5-fresh,64779ae1f7be4fb0734e5c18,2026-09-10T13:20:00+00:00,0,benign,mobile_poller,0,0
574,part5-fresh,957d1b91ab9a085451bda1b8,2026-09-10T13:20:00+00:00,0,benign,mobile_poller,0,0
575,part5-fresh,3b4251d20576e63ca8b5de70,2026-09-10T13:20:00+00:00,0,benign,mobile_poller,0,0
576,part5-fresh,a3676d98988850e621baf0b3,2026-09-10T13:20:00+00:00,0,benign,mobile_poller,0,0
577,part5-fresh,1ad0eceb16be4c1e63b2a6ae,2026-09-10T13:20:00+00:00,0,benign,mobile_poller,0,0
578,part5-fresh,bb25c3a9388efe76a5629630,2026-09-10T13:20:00+00:00,0,benign,mobile_poller,0,0
579,part5-fresh,ecb6cac10bcecd42cce5800d,2026-09-10T13:20:00+00:00,0,benign,mobile_poller,0,0
580,part5-fresh,4140acc531ad7f7a3ddb5f37,2026-09-10T13:20:00+00:00,0,benign,impatient,0,0
581,part5-fresh,687bebd4f4aaf427b1192c96,2026-09-10T13:20:00+00:00,0,benign,impatient,0,0
582,part5-fresh,c6158d796b75c6718ae7916e,2026-09-10T13:20:00+00:00,0,benign,impatient,0,0
583,part5-fresh,eda8843a0e0c23fc6321487f,2026-09-10T13:20:00+00:00,0,benign,impatient,0,0
584,part5-fresh,b07e8f1d937997c53d0f8d79,2026-09-10T13:20:00+00:00,0,benign,impatient,0,0
585,part5-fresh,00f1cb7347ab69f266aa5517,2026-09-10T13:20:00+00:00,0,benign,impatient,0,0
586,part5-fresh,1c00380eb649a13312bc2609,2026-09-10T13:20:00+00:00,0,benign,impatient,0,0
587,part5-fresh,a2f3c5ffe11bf9f9e34760e8,2026-09-10T13:20:00+00:00,0,benign,impatient,0,0
588,part5-fresh,1a003c0e21b8cc07ae1b0402,2026-09-10T13:20:00+00:00,0,benign,idle,0,0
589,part5-fresh,ab6f629e813bdd70ca5595a2,2026-09-10T13:20:00+00:00,0,benign,idle,0,0
590,part5-fresh,b7300b8e9f1e0811525e4bfd,2026-09-10T13:20:00+00:00,0,benign,idle,0,0
591,part5-fresh,fae91f9f22b3cbec7c94d39d,2026-09-10T13:20:00+00:00,0,benign,idle,0,0
592,part5-fresh,8ecb69b91f7265b069d5bfc4,2026-09-10T13:20:00+00:00,0,benign,idle,0,0
593,part5-fresh,a880866ae65fca22abcaec75,2026-09-10T13:20:00+00:00,0,benign,idle,0,0
594,part5-fresh,52772f94761cc17574fb2da5,2026-09-10T13:21:00+00:00,0,benign,browser,0,0
595,part5-fresh,f7827e09ea5b25cb154b94be,2026-09-10T13:21:00+00:00,0,benign,browser,0,0
596,part5-fresh,93e33ce1e0dccf1753b2efed,2026-09-10T13:21:00+00:00,0,benign,browser,0,0
597,part5-fresh,ef530cf26db974301e340f51,2026-09-10T13:21:00+00:00,0,benign,browser,0,0
598,part5-fresh,4a03389ab3b284f03b2045bd,2026-09-10T13:21:00+00:00,0,benign,browser,0,0
599,part5-fresh,99c8908fb6ab1ecac189ce43,2026-09-10T13:21:00+00:00,0,benign,browser,0,0
600,part5-fresh,6c9749bb31aac49d762ce078,2026-09-10T13:21:00+00:00,0,benign,browser,0,0
601,part5-fresh,71e708460d1da609689090ab,2026-09-10T13:21:00+00:00,0,benign,browser,0,0
602,part5-fresh,fc7c118f38b5b5807541bde7,2026-09-10T13:21:00+00:00,0,benign,shopper,0,0
603,part5-fresh,8df5bd541ac28b67812f2d50,2026-09-10T13:21:00+00:00,1,slow_brute_force,slow_brute_force,1,0
604,part5-fresh,58881edfdb5ee78be5be53bd,2026-09-10T13:21:00+00:00,1,low_and_slow_enumeration,low_and_slow_enumeration,0,0
605,part5-fresh,c61bb9a2b8ee0e04c398086f,2026-09-10T13:21:00+00:00,0,benign,shopper,0,0
606,part5-fresh,281504f4fc05792918189b56,2026-09-10T13:21:00+00:00,0,benign,shopper,0,0
607,part5-fresh,a0112e539ab7a6c611234b32,2026-09-10T13:21:00+00:00,1,credential_stuffing,credential_stuffing,1,0
608,part5-fresh,044ae00cfb246a3eb75eb85d,2026-09-10T13:21:00+00:00,1,api_flood,api_flood,1,0
609,part5-fresh,22184280e63d5ae6552669e1,2026-09-10T13:21:00+00:00,1,enumeration,enumeration,1,0
610,part5-fresh,9663e70026470e03ebdaa505,2026-09-10T13:21:00+00:00,1,sqli_probe,sqli_probe,1,0
611,part5-fresh,cc789cc39f13d23f17ffe8a7,2026-09-10T13:21:00+00:00,1,path_traversal,path_traversal,1,0
612,part5-fresh,f2835334f1edc3d001db3ce9,2026-09-10T13:21:00+00:00,0,benign,shopper,0,0
613,part5-fresh,0f70c62cb4613285bf7ae2a1,2026-09-10T13:21:00+00:00,0,benign,shopper,0,0
614,part5-fresh,b47310b4ba7a6c0b70565993,2026-09-10T13:21:00+00:00,0,benign,shopper,0,0
615,part5-fresh,fc39fb295b742cba75993c65,2026-09-10T13:21:00+00:00,0,benign,shopper,0,0
616,part5-fresh,cbd3b7547326ef085bbe43df,2026-09-10T13:21:00+00:00,0,benign,shopper,0,0
617,part5-fresh,995c0708887600813285cdc4,2026-09-10T13:21:00+00:00,0,benign,forgetful_user,0,0
618,part5-fresh,613c777fef5fb65a4ddc3009,2026-09-10T13:21:00+00:00,0,benign,forgetful_user,0,0
619,part5-fresh,6e743313a0ca45c7866f16ac,2026-09-10T13:21:00+00:00,0,benign,forgetful_user,0,0
620,part5-fresh,2687177b4c497261cc00e93f,2026-09-10T13:21:00+00:00,0,benign,forgetful_user,0,0
621,part5-fresh,f961e1a50c6755d1dfc586c9,2026-09-10T13:21:00+00:00,0,benign,forgetful_user,0,0
622,part5-fresh,4784f506e88fab172c1c075c,2026-09-10T13:21:00+00:00,0,benign,forgetful_user,0,0
623,part5-fresh,fa92f0ee395b3dd65fea016a,2026-09-10T13:21:00+00:00,0,benign,forgetful_user,0,0
624,part5-fresh,62e1fbddbab61dd45a228e96,2026-09-10T13:21:00+00:00,0,benign,forgetful_user,0,0
625,part5-fresh,934e4de1bde6bcea78aa87ab,2026-09-10T13:21:00+00:00,0,benign,dead_link_visitor,0,0
626,part5-fresh,be5e5d64ef32bb567b66349f,2026-09-10T13:21:00+00:00,0,benign,dead_link_visitor,0,0
627,part5-fresh,76df2292ae58da496356246a,2026-09-10T13:21:00+00:00,0,benign,dead_link_visitor,0,0
628,part5-fresh,d38a4573a44957bb99d67a0a,2026-09-10T13:21:00+00:00,0,benign,dead_link_visitor,0,0
629,part5-fresh,b949d662cc6037044cc5c036,2026-09-10T13:21:00+00:00,0,benign,dead_link_visitor,0,0
630,part5-fresh,14c0ab4036c0892a396f042c,2026-09-10T13:21:00+00:00,0,benign,dead_link_visitor,0,0
631,part5-fresh,618c9e82eac5a603d107ad36,2026-09-10T13:21:00+00:00,0,benign,dead_link_visitor,0,0
632,part5-fresh,e80a4540c1cf3c043c8a61f0,2026-09-10T13:21:00+00:00,0,benign,dead_link_visitor,0,0
633,part5-fresh,2869a95ef6dd170d6e3df919,2026-09-10T13:21:00+00:00,0,benign,search_heavy,0,0
634,part5-fresh,58d900fca84556d4228a544e,2026-09-10T13:21:00+00:00,0,benign,search_heavy,0,0
635,part5-fresh,bf45d50cc9dc3900da9e34bb,2026-09-10T13:21:00+00:00,0,benign,search_heavy,0,0
636,part5-fresh,4c7079333dd33e87b17292df,2026-09-10T13:21:00+00:00,0,benign,search_heavy,0,0
637,part5-fresh,961705f8e0ca41a6a165d988,2026-09-10T13:21:00+00:00,0,benign,search_heavy,0,0
638,part5-fresh,2d03d8e4617420527b5429ac,2026-09-10T13:21:00+00:00,0,benign,search_heavy,0,0
639,part5-fresh,02ee7fd7989c4ec7e9733c29,2026-09-10T13:21:00+00:00,0,benign,search_heavy,0,0
640,part5-fresh,13b48019c9550c135bd86f38,2026-09-10T13:21:00+00:00,0,benign,search_heavy,0,0
641,part5-fresh,c9d0db096f2de1490552bcff,2026-09-10T13:21:00+00:00,0,benign,mobile_poller,0,0
642,part5-fresh,64779ae1f7be4fb0734e5c18,2026-09-10T13:21:00+00:00,0,benign,mobile_poller,0,0
643,part5-fresh,957d1b91ab9a085451bda1b8,2026-09-10T13:21:00+00:00,0,benign,mobile_poller,0,0
644,part5-fresh,3b4251d20576e63ca8b5de70,2026-09-10T13:21:00+00:00,0,benign,mobile_poller,0,0
645,part5-fresh,a3676d98988850e621baf0b3,2026-09-10T13:21:00+00:00,0,benign,mobile_poller,0,0
646,part5-fresh,1ad0eceb16be4c1e63b2a6ae,2026-09-10T13:21:00+00:00,0,benign,mobile_poller,0,0
647,part5-fresh,bb25c3a9388efe76a5629630,2026-09-10T13:21:00+00:00,0,benign,mobile_poller,0,0
648,part5-fresh,ecb6cac10bcecd42cce5800d,2026-09-10T13:21:00+00:00,0,benign,mobile_poller,0,0
649,part5-fresh,4140acc531ad7f7a3ddb5f37,2026-09-10T13:21:00+00:00,0,benign,impatient,0,0
650,part5-fresh,687bebd4f4aaf427b1192c96,2026-09-10T13:21:00+00:00,0,benign,impatient,0,0
651,part5-fresh,c6158d796b75c6718ae7916e,2026-09-10T13:21:00+00:00,0,benign,impatient,0,0
652,part5-fresh,eda8843a0e0c23fc6321487f,2026-09-10T13:21:00+00:00,0,benign,impatient,0,0
653,part5-fresh,b07e8f1d937997c53d0f8d79,2026-09-10T13:21:00+00:00,0,benign,impatient,0,0
654,part5-fresh,00f1cb7347ab69f266aa5517,2026-09-10T13:21:00+00:00,0,benign,impatient,0,0
655,part5-fresh,1c00380eb649a13312bc2609,2026-09-10T13:21:00+00:00,0,benign,impatient,0,0
656,part5-fresh,a2f3c5ffe11bf9f9e34760e8,2026-09-10T13:21:00+00:00,0,benign,impatient,0,0
657,part5-fresh,52772f94761cc17574fb2da5,2026-09-10T13:22:00+00:00,0,benign,browser,0,0
658,part5-fresh,f7827e09ea5b25cb154b94be,2026-09-10T13:22:00+00:00,0,benign,browser,0,0
659,part5-fresh,93e33ce1e0dccf1753b2efed,2026-09-10T13:22:00+00:00,0,benign,browser,0,0
660,part5-fresh,ef530cf26db974301e340f51,2026-09-10T13:22:00+00:00,0,benign,browser,0,0
661,part5-fresh,4a03389ab3b284f03b2045bd,2026-09-10T13:22:00+00:00,0,benign,browser,0,0
662,part5-fresh,99c8908fb6ab1ecac189ce43,2026-09-10T13:22:00+00:00,0,benign,browser,0,0
663,part5-fresh,6c9749bb31aac49d762ce078,2026-09-10T13:22:00+00:00,0,benign,browser,0,0
664,part5-fresh,71e708460d1da609689090ab,2026-09-10T13:22:00+00:00,0,benign,browser,0,0
665,part5-fresh,fc7c118f38b5b5807541bde7,2026-09-10T13:22:00+00:00,0,benign,shopper,0,0
666,part5-fresh,8df5bd541ac28b67812f2d50,2026-09-10T13:22:00+00:00,1,slow_brute_force,slow_brute_force,1,0
667,part5-fresh,58881edfdb5ee78be5be53bd,2026-09-10T13:22:00+00:00,1,low_and_slow_enumeration,low_and_slow_enumeration,0,0
668,part5-fresh,c61bb9a2b8ee0e04c398086f,2026-09-10T13:22:00+00:00,0,benign,shopper,0,0
669,part5-fresh,281504f4fc05792918189b56,2026-09-10T13:22:00+00:00,0,benign,shopper,0,0
670,part5-fresh,a0112e539ab7a6c611234b32,2026-09-10T13:22:00+00:00,1,credential_stuffing,credential_stuffing,1,0
671,part5-fresh,044ae00cfb246a3eb75eb85d,2026-09-10T13:22:00+00:00,1,api_flood,api_flood,1,0
672,part5-fresh,22184280e63d5ae6552669e1,2026-09-10T13:22:00+00:00,1,enumeration,enumeration,1,0
673,part5-fresh,9663e70026470e03ebdaa505,2026-09-10T13:22:00+00:00,1,sqli_probe,sqli_probe,1,0
674,part5-fresh,cc789cc39f13d23f17ffe8a7,2026-09-10T13:22:00+00:00,1,path_traversal,path_traversal,1,0
675,part5-fresh,f2835334f1edc3d001db3ce9,2026-09-10T13:22:00+00:00,0,benign,shopper,0,0
676,part5-fresh,0f70c62cb4613285bf7ae2a1,2026-09-10T13:22:00+00:00,0,benign,shopper,0,0
677,part5-fresh,b47310b4ba7a6c0b70565993,2026-09-10T13:22:00+00:00,0,benign,shopper,0,0
678,part5-fresh,fc39fb295b742cba75993c65,2026-09-10T13:22:00+00:00,0,benign,shopper,0,0
679,part5-fresh,cbd3b7547326ef085bbe43df,2026-09-10T13:22:00+00:00,0,benign,shopper,0,0
680,part5-fresh,995c0708887600813285cdc4,2026-09-10T13:22:00+00:00,0,benign,forgetful_user,0,0
681,part5-fresh,613c777fef5fb65a4ddc3009,2026-09-10T13:22:00+00:00,0,benign,forgetful_user,0,0
682,part5-fresh,6e743313a0ca45c7866f16ac,2026-09-10T13:22:00+00:00,0,benign,forgetful_user,0,0
683,part5-fresh,2687177b4c497261cc00e93f,2026-09-10T13:22:00+00:00,0,benign,forgetful_user,0,0
684,part5-fresh,f961e1a50c6755d1dfc586c9,2026-09-10T13:22:00+00:00,0,benign,forgetful_user,0,0
685,part5-fresh,4784f506e88fab172c1c075c,2026-09-10T13:22:00+00:00,0,benign,forgetful_user,0,0
686,part5-fresh,fa92f0ee395b3dd65fea016a,2026-09-10T13:22:00+00:00,0,benign,forgetful_user,0,0
687,part5-fresh,62e1fbddbab61dd45a228e96,2026-09-10T13:22:00+00:00,0,benign,forgetful_user,0,0
688,part5-fresh,934e4de1bde6bcea78aa87ab,2026-09-10T13:22:00+00:00,0,benign,dead_link_visitor,0,0
689,part5-fresh,be5e5d64ef32bb567b66349f,2026-09-10T13:22:00+00:00,0,benign,dead_link_visitor,0,0
690,part5-fresh,76df2292ae58da496356246a,2026-09-10T13:22:00+00:00,0,benign,dead_link_visitor,0,0
691,part5-fresh,d38a4573a44957bb99d67a0a,2026-09-10T13:22:00+00:00,0,benign,dead_link_visitor,0,0
692,part5-fresh,b949d662cc6037044cc5c036,2026-09-10T13:22:00+00:00,0,benign,dead_link_visitor,0,0
693,part5-fresh,14c0ab4036c0892a396f042c,2026-09-10T13:22:00+00:00,0,benign,dead_link_visitor,0,0
694,part5-fresh,618c9e82eac5a603d107ad36,2026-09-10T13:22:00+00:00,0,benign,dead_link_visitor,0,0
695,part5-fresh,e80a4540c1cf3c043c8a61f0,2026-09-10T13:22:00+00:00,0,benign,dead_link_visitor,0,0
696,part5-fresh,2869a95ef6dd170d6e3df919,2026-09-10T13:22:00+00:00,0,benign,search_heavy,0,0
697,part5-fresh,58d900fca84556d4228a544e,2026-09-10T13:22:00+00:00,0,benign,search_heavy,0,0
698,part5-fresh,bf45d50cc9dc3900da9e34bb,2026-09-10T13:22:00+00:00,0,benign,search_heavy,0,0
699,part5-fresh,4c7079333dd33e87b17292df,2026-09-10T13:22:00+00:00,0,benign,search_heavy,0,0
700,part5-fresh,961705f8e0ca41a6a165d988,2026-09-10T13:22:00+00:00,0,benign,search_heavy,0,0
701,part5-fresh,2d03d8e4617420527b5429ac,2026-09-10T13:22:00+00:00,0,benign,search_heavy,0,0
702,part5-fresh,02ee7fd7989c4ec7e9733c29,2026-09-10T13:22:00+00:00,0,benign,search_heavy,0,0
703,part5-fresh,13b48019c9550c135bd86f38,2026-09-10T13:22:00+00:00,0,benign,search_heavy,0,0
704,part5-fresh,c9d0db096f2de1490552bcff,2026-09-10T13:22:00+00:00,0,benign,mobile_poller,0,0
705,part5-fresh,64779ae1f7be4fb0734e5c18,2026-09-10T13:22:00+00:00,0,benign,mobile_poller,0,0
706,part5-fresh,957d1b91ab9a085451bda1b8,2026-09-10T13:22:00+00:00,0,benign,mobile_poller,0,0
707,part5-fresh,3b4251d20576e63ca8b5de70,2026-09-10T13:22:00+00:00,0,benign,mobile_poller,0,0
708,part5-fresh,a3676d98988850e621baf0b3,2026-09-10T13:22:00+00:00,0,benign,mobile_poller,0,0
709,part5-fresh,1ad0eceb16be4c1e63b2a6ae,2026-09-10T13:22:00+00:00,0,benign,mobile_poller,0,0
710,part5-fresh,bb25c3a9388efe76a5629630,2026-09-10T13:22:00+00:00,0,benign,mobile_poller,0,0
711,part5-fresh,ecb6cac10bcecd42cce5800d,2026-09-10T13:22:00+00:00,0,benign,mobile_poller,0,0
712,part5-fresh,4140acc531ad7f7a3ddb5f37,2026-09-10T13:22:00+00:00,0,benign,impatient,0,0
713,part5-fresh,687bebd4f4aaf427b1192c96,2026-09-10T13:22:00+00:00,0,benign,impatient,0,0
714,part5-fresh,c6158d796b75c6718ae7916e,2026-09-10T13:22:00+00:00,0,benign,impatient,0,0
715,part5-fresh,eda8843a0e0c23fc6321487f,2026-09-10T13:22:00+00:00,0,benign,impatient,0,0
716,part5-fresh,b07e8f1d937997c53d0f8d79,2026-09-10T13:22:00+00:00,0,benign,impatient,0,0
717,part5-fresh,00f1cb7347ab69f266aa5517,2026-09-10T13:22:00+00:00,0,benign,impatient,0,0
718,part5-fresh,1c00380eb649a13312bc2609,2026-09-10T13:22:00+00:00,0,benign,impatient,0,0
719,part5-fresh,a2f3c5ffe11bf9f9e34760e8,2026-09-10T13:22:00+00:00,0,benign,impatient,0,0
720,part5-fresh,94e0735400b31cdf04fceae6,2026-09-10T13:22:00+00:00,0,benign,idle,0,0
721,part5-fresh,dcfbaddea61144072a7e5931,2026-09-10T13:22:00+00:00,0,benign,idle,0,0
