row_id,known_status_count,login_attempts,login_attempts_known_outcome,complete_body_measurements,complete_duration_measurements,pending_at_scoring,timeouts,telemetry_dropped_in_window,interval_fully_observed,insufficient_history,telemetry_defects
1,1,0,0,1,1,0,0,0,False,True,0
2,2,0,0,2,2,0,0,0,True,False,0
3,1,0,0,1,1,0,0,0,True,True,0
4,0,0,0,0,0,0,0,0,True,True,0
5,6,0,0,6,6,0,0,0,True,False,0
6,8,0,0,8,8,0,0,0,True,False,0
7,7,0,0,7,7,0,0,0,True,False,0
8,7,0,0,7,7,0,0,0,True,False,0
9,6,0,0,6,6,0,0,0,True,False,0
10,7,0,0,7,7,0,0,0,True,False,0
11,6,0,0,6,6,0,0,0,True,False,0
12,7,0,0,7,7,0,0,0,True,False,0
13,6,0,0,6,6,0,0,0,True,False,0
14,5,4,4,5,5,0,0,0,True,False,0
15,4,0,0,4,4,0,0,0,True,False,0
16,7,0,0,7,7,0,0,0,True,False,0
17,7,0,0,7,7,0,0,0,True,False,0
18,65,64,64,65,65,0,0,0,True,False,0
19,626,0,0,626,626,0,0,0,True,False,0
20,51,0,0,51,51,0,0,0,True,False,0
21,26,0,0,26,26,0,0,0,True,False,0
22,43,0,0,43,43,0,0,0,True,False,0
23,7,0,0,7,7,0,0,0,True,False,0
24,9,0,0,9,9,0,0,0,True,False,0
25,6,0,0,6,6,0,0,0,True,False,0
26,7,0,0,7,7,0,0,0,True,False,0
27,8,0,0,8,8,0,0,0,True,False,0
28,5,4,4,5,5,0,0,0,True,False,0
29,5,3,3,5,5,0,0,0,True,False,0
30,4,3,3,4,4,0,0,0,True,False,0
31,5,4,4,5,5,0,0,0,True,False,0
32,6,3,3,6,6,0,0,0,True,False,0
33,4,3,3,4,4,0,0,0,True,False,0
34,5,4,4,5,5,0,0,0,True,False,0
35,5,3,3,5,5,0,0,0,True,False,0
36,4,0,0,4,4,0,0,0,True,False,0
37,6,0,0,6,6,0,0,0,True,False,0
38,4,0,0,4,4,0,0,0,True,False,0
39,5,0,0,5,5,0,0,0,True,False,0
40,4,0,0,4,4,0,0,0,True,False,0
41,5,0,0,5,5,0,0,0,True,False,0
42,6,0,0,6,6,0,0,0,True,False,0
43,5,0,0,5,5,0,0,0,True,False,0
44,7,0,0,7,7,0,0,0,True,False,0
45,10,0,0,10,10,0,0,0,True,False,0
46,9,0,0,9,9,0,0,0,True,False,0
47,8,0,0,8,8,0,0,0,True,False,0
48,9,0,0,9,9,0,0,0,True,False,0
49,9,0,0,9,9,0,0,0,True,False,0
50,8,0,0,8,8,0,0,0,True,False,0
51,9,0,0,9,9,0,0,0,True,False,0
52,4,0,0,4,4,0,0,0,True,False,0
53,4,0,0,4,4,0,0,0,True,False,0
54,5,0,0,5,5,0,0,0,True,False,0
55,4,0,0,4,4,0,0,0,True,False,0
56,4,0,0,4,4,0,0,0,True,False,0
57,4,0,0,4,4,0,0,0,True,False,0
58,8,0,0,8,8,0,0,0,True,False,0
59,5,0,0,5,5,0,0,0,True,False,0
60,4,0,0,4,4,0,0,0,True,False,0
61,9,0,0,9,9,0,0,0,True,False,0
62,8,0,0,8,8,0,0,0,True,False,0
63,8,0,0,8,8,0,0,0,True,False,0
64,9,0,0,9,9,0,0,0,True,False,0
65,7,0,0,7,7,0,0,0,True,False,0
66,7,0,0,7,7,0,0,0,True,False,0
67,3,0,0,3,3,0,0,0,True,False,0
68,2,0,0,2,2,0,0,0,True,True,0
69,2,0,0,2,2,0,0,0,True,True,0
70,2,0,0,2,2,0,0,0,True,True,0
71,2,0,0,2,2,0,0,0,True,True,0
72,2,0,0,2,2,0,0,0,True,True,0
73,2,0,0,2,2,0,0,0,True,True,0
74,2,0,0,2,2,0,0,0,True,True,0
75,2,0,0,2,2,0,0,0,True,True,0
76,2,0,0,2,2,0,0,0,True,True,0
77,2,0,0,2,2,0,0,0,True,True,0
78,2,0,0,2,2,0,0,0,True,True,0
79,2,0,0,2,2,0,0,0,True,True,0
80,2,0,0,2,2,0,0,0,True,True,0
81,2,0,0,2,2,0,0,0,True,True,0
82,2,0,0,2,2,0,0,0,True,True,0
83,2,0,0,2,2,0,0,0,True,True,0
84,12,0,0,12,12,0,0,0,True,False,0
85,11,0,0,11,11,0,0,0,True,False,0
86,10,0,0,10,10,0,0,0,True,False,0
87,11,0,0,11,11,0,0,0,True,False,0
88,12,0,0,12,12,0,0,0,True,False,0
89,11,0,0,11,11,0,0,0,True,False,0
90,10,0,0,10,10,0,0,0,True,False,0
91,8,0,0,8,8,0,0,0,True,False,0
92,13,0,0,13,13,0,0,0,True,False,0
93,8,8,8,8,8,0,0,0,True,False,0
94,5,0,0,5,5,0,0,0,True,False,0
95,10,0,0,10,10,0,0,0,True,False,0
96,11,0,0,11,11,0,0,0,True,False,0
97,122,122,122,122,122,0,0,0,True,False,0
98,1232,0,0,1232,1232,0,0,0,True,False,0
99,89,0,0,89,89,0,0,0,True,False,0
100,48,0,0,48,48,0,0,0,True,False,0
101,76,0,0,76,76,0,0,0,True,False,0
102,13,0,0,13,13,0,0,0,True,False,0
103,9,0,0,9,9,0,0,0,True,False,0
104,9,0,0,9,9,0,0,0,True,False,0
105,12,0,0,12,12,0,0,0,True,False,0
106,8,0,0,8,8,0,0,0,True,False,0
107,7,0,0,7,7,0,0,0,True,False,0
108,6,0,0,6,6,0,0,0,True,False,0
109,9,1,1,9,9,0,0,0,True,False,0
110,8,0,0,8,8,0,0,0,True,False,0
111,7,0,0,7,7,0,0,0,True,False,0
112,8,1,1,8,8,0,0,0,True,False,0
113,9,0,0,9,9,0,0,0,True,False,0
114,7,0,0,7,7,0,0,0,True,False,0
115,9,0,0,9,9,0,0,0,True,False,0
116,7,0,0,7,7,0,0,0,True,False,0
117,7,0,0,7,7,0,0,0,True,False,0
118,6,0,0,6,6,0,0,0,True,False,0
119,7,0,0,7,7,0,0,0,True,False,0
120,7,0,0,7,7,0,0,0,True,False,0
121,7,0,0,7,7,0,0,0,True,False,0
122,7,0,0,7,7,0,0,0,True,False,0
123,14,0,0,14,14,0,0,0,True,False,0
124,12,0,0,12,12,0,0,0,True,False,0
125,15,0,0,15,15,0,0,0,True,False,0
126,14,0,0,14,14,0,0,0,True,False,0
127,13,0,0,13,13,0,0,0,True,False,0
128,12,0,0,12,12,0,0,0,True,False,0
129,14,0,0,14,14,0,0,0,True,False,0
130,12,0,0,12,12,0,0,0,True,False,0
131,4,0,0,4,4,0,0,0,True,False,0
132,4,0,0,4,4,0,0,0,True,False,0
133,6,0,0,6,6,0,0,0,True,False,0
134,4,0,0,4,4,0,0,0,True,False,0
135,4,0,0,4,4,0,0,0,True,False,0
136,4,0,0,4,4,0,0,0,True,False,0
137,12,0,0,12,12,0,0,0,True,False,0
138,6,0,0,6,6,0,0,0,True,False,0
139,6,0,0,6,6,0,0,0,True,False,0
140,4,0,0,4,4,0,0,0,True,False,0
141,9,0,0,9,9,0,0,0,True,False,0
142,10,0,0,10,10,0,0,0,True,False,0
143,11,0,0,11,11,0,0,0,True,False,0
144,16,0,0,16,16,0,0,0,True,False,0
145,6,0,0,6,6,0,0,0,True,False,0
146,10,0,0,10,10,0,0,0,True,False,0
147,10,0,0,10,10,0,0,0,True,False,0
148,12,0,0,12,12,0,0,0,True,False,0
149,11,0,0,11,11,0,0,0,True,False,0
150,12,0,0,12,12,0,0,0,True,False,0
151,11,0,0,11,11,0,0,0,True,False,0
152,10,0,0,10,10,0,0,0,True,False,0
153,11,0,0,11,11,0,0,0,True,False,0
154,12,0,0,12,12,0,0,0,True,False,0
155,9,0,0,9,9,0,0,0,True,False,0
156,7,7,7,7,7,0,0,0,True,False,0
157,5,0,0,5,5,0,0,0,True,False,0
158,12,0,0,12,12,0,0,0,True,False,0
159,9,0,0,9,9,0,0,0,True,False,0
160,115,115,115,115,115,0,0,0,True,False,0
161,1188,0,0,1188,1188,1,0,0,True,False,0
162,96,0,0,96,96,0,0,0,True,False,0
163,51,0,0,51,51,0,0,0,True,False,0
164,79,0,0,79,79,0,0,0,True,False,0
165,13,0,0,13,13,0,0,0,True,False,0
166,12,0,0,12,12,0,0,0,True,False,0
167,11,0,0,11,11,0,0,0,True,False,0
168,13,0,0,13,13,0,0,0,True,False,0
169,11,0,0,11,11,0,0,0,True,False,0
170,9,0,0,9,9,0,0,0,True,False,0
171,7,0,0,7,7,0,0,0,True,False,0
172,7,0,0,7,7,0,0,0,True,False,0
173,9,0,0,9,9,0,0,0,True,False,0
174,6,0,0,6,6,0,0,0,True,False,0
175,7,0,0,7,7,0,0,0,True,False,0
176,7,0,0,7,7,0,0,0,True,False,0
177,8,0,0,8,8,0,0,0,True,False,0
178,7,0,0,7,7,0,0,0,True,False,0
179,8,0,0,8,8,0,0,0,True,False,0
180,6,0,0,6,6,0,0,0,True,False,0
181,7,0,0,7,7,0,0,0,True,False,0
182,7,0,0,7,7,0,0,0,True,False,0
183,9,0,0,9,9,0,0,0,True,False,0
184,7,0,0,7,7,0,0,0,True,False,0
185,6,0,0,6,6,0,0,0,True,False,0
186,14,0,0,14,14,0,0,0,True,False,0
187,14,0,0,14,14,0,0,0,True,False,0
188,13,0,0,13,13,0,0,0,True,False,0
189,11,0,0,11,11,0,0,0,True,False,0
190,14,0,0,14,14,0,0,0,True,False,0
191,13,0,0,13,13,0,0,0,True,False,0
192,13,0,0,13,13,0,0,0,True,False,0
193,12,0,0,12,12,0,0,0,True,False,0
194,4,0,0,4,4,0,0,0,True,False,0
195,4,0,0,4,4,0,0,0,True,False,0
196,6,0,0,6,6,0,0,0,True,False,0
197,4,0,0,4,4,0,0,0,True,False,0
198,4,0,0,4,4,0,0,0,True,False,0
199,4,0,0,4,4,0,0,0,True,False,0
200,11,0,0,11,11,0,0,0,True,False,0
201,6,0,0,6,6,0,0,0,True,False,0
202,11,0,0,11,11,0,0,0,True,False,0
203,14,0,0,14,14,0,0,0,True,False,0
204,12,0,0,12,12,0,0,0,True,False,0
205,8,0,0,8,8,0,0,0,True,False,0
206,3,0,0,3,3,0,0,0,True,False,0
207,9,0,0,9,9,0,0,0,True,False,0
208,11,0,0,11,11,0,0,0,True,False,0
209,11,0,0,11,11,0,0,0,True,False,0
210,11,0,0,11,11,0,0,0,True,False,0
211,11,0,0,11,11,0,0,0,True,False,0
212,11,0,0,11,11,0,0,0,True,False,0
213,11,0,0,11,11,0,0,0,True,False,0
214,10,0,0,10,10,0,0,0,True,False,0
215,12,0,0,12,12,0,0,0,True,False,0
216,11,0,0,11,11,0,0,0,True,False,0
217,10,0,0,10,10,0,0,0,True,False,0
218,11,0,0,11,11,0,0,0,True,False,0
219,8,8,8,8,8,0,0,0,True,False,0
220,5,0,0,5,5,0,0,0,True,False,0
221,13,0,0,13,13,0,0,0,True,False,0
222,10,0,0,10,10,0,0,0,True,False,0
223,117,117,117,117,117,0,0,0,True,False,0
224,1184,0,0,1184,1184,0,0,0,True,False,0
225,88,0,0,88,88,0,0,0,True,False,0
226,47,0,0,47,47,0,0,0,True,False,0
227,73,0,0,73,73,0,0,0,True,False,0
228,11,0,0,11,11,0,0,0,True,False,0
229,10,0,0,10,10,0,0,0,True,False,0
230,11,0,0,11,11,0,0,0,True,False,0
231,10,0,0,10,10,0,0,0,True,False,0
232,10,0,0,10,10,0,0,0,True,False,0
233,8,0,0,8,8,0,0,0,True,False,0
234,8,0,0,8,8,0,0,0,True,False,0
235,7,0,0,7,7,0,0,0,True,False,0
236,8,0,0,8,8,0,0,0,True,False,0
237,8,0,0,8,8,0,0,0,True,False,0
238,7,0,0,7,7,0,0,0,True,False,0
239,8,0,0,8,8,0,0,0,True,False,0
240,8,0,0,8,8,0,0,0,True,False,0
241,7,0,0,7,7,0,0,0,True,False,0
242,7,0,0,7,7,0,0,0,True,False,0
243,7,0,0,7,7,0,0,0,True,False,0
244,6,0,0,6,6,0,0,0,True,False,0
245,8,0,0,8,8,0,0,0,True,False,0
246,5,0,0,5,5,0,0,0,True,False,0
247,8,0,0,8,8,0,0,0,True,False,0
248,7,0,0,7,7,0,0,0,True,False,0
249,14,0,0,14,14,0,0,0,True,False,0
250,10,0,0,10,10,0,0,0,True,False,0
251,12,0,0,12,12,0,0,0,True,False,0
252,13,0,0,13,13,0,0,0,True,False,0
253,13,0,0,13,13,0,0,0,True,False,0
254,12,0,0,12,12,0,0,0,True,False,0
255,14,0,0,14,14,0,0,0,True,False,0
256,14,0,0,14,14,0,0,0,True,False,0
257,4,0,0,4,4,0,0,0,True,False,0
258,4,0,0,4,4,0,0,0,True,False,0
259,6,0,0,6,6,0,0,0,True,False,0
260,4,0,0,4,4,0,0,0,True,False,0
261,4,0,0,4,4,0,0,0,True,False,0
262,4,0,0,4,4,0,0,0,True,False,0
263,13,0,0,13,13,0,0,0,True,False,0
264,6,0,0,6,6,0,0,0,True,False,0
265,6,0,0,6,6,0,0,0,True,False,0
266,9,0,0,9,9,0,0,0,True,False,0
267,14,0,0,14,14,0,0,0,True,False,0
268,10,0,0,10,10,0,0,0,True,False,0
269,9,0,0,9,9,0,0,0,True,False,0
270,7,0,0,7,7,0,0,0,True,False,0
271,7,0,0,7,7,0,0,0,True,False,0
272,13,0,0,13,13,0,0,0,True,False,0
273,9,0,0,9,9,0,0,0,True,False,0
274,11,0,0,11,11,0,0,0,True,False,0
275,11,0,0,11,11,0,0,0,True,False,0
276,9,0,0,9,9,0,0,0,True,False,0
277,11,0,0,11,11,0,0,0,True,False,0
278,10,0,0,10,10,0,0,0,True,False,0
279,12,0,0,12,12,0,0,0,True,False,0
280,9,0,0,9,9,0,0,0,True,False,0
281,10,1,1,10,10,0,0,0,True,False,0
282,7,7,7,7,7,0,0,0,True,False,0
283,5,0,0,5,5,0,0,0,True,False,0
284,11,1,1,11,11,0,0,0,True,False,0
285,8,1,1,8,8,0,0,0,True,False,0
286,117,117,117,117,117,0,0,0,True,False,0
287,1202,0,0,1202,1202,1,0,0,True,False,0
288,92,0,0,92,92,0,0,0,True,False,0
289,50,0,0,50,50,0,0,0,True,False,0
290,73,0,0,73,73,0,0,0,True,False,0
291,11,1,1,11,11,0,0,0,True,False,0
292,12,1,1,12,12,0,0,0,True,False,0
293,10,1,1,10,10,0,0,0,True,False,0
294,12,1,1,12,12,0,0,0,True,False,0
295,11,1,1,11,11,0,0,0,True,False,0
296,8,0,0,8,8,0,0,0,True,False,0
297,7,0,0,7,7,0,0,0,True,False,0
298,6,0,0,6,6,0,0,0,True,False,0
299,7,0,0,7,7,0,0,0,True,False,0
300,7,0,0,7,7,0,0,0,True,False,0
301,8,0,0,8,8,0,0,0,True,False,0
302,9,0,0,9,9,0,0,0,True,False,0
303,7,0,0,7,7,0,0,0,True,False,0
304,6,0,0,6,6,0,0,0,True,False,0
305,9,0,0,9,9,0,0,0,True,False,0
306,9,0,0,9,9,0,0,0,True,False,0
307,8,0,0,8,8,0,0,0,True,False,0
308,6,0,0,6,6,0,0,0,True,False,0
309,8,0,0,8,8,0,0,0,True,False,0
310,5,0,0,5,5,0,0,0,True,False,0
311,7,0,0,7,7,0,0,0,True,False,0
312,14,0,0,14,14,0,0,0,True,False,0
313,13,0,0,13,13,0,0,0,True,False,0
314,12,0,0,12,12,0,0,0,True,False,0
315,12,0,0,12,12,0,0,0,True,False,0
316,13,0,0,13,13,0,0,0,True,False,0
317,13,0,0,13,13,0,0,0,True,False,0
318,13,0,0,13,13,0,0,0,True,False,0
319,12,0,0,12,12,0,0,0,True,False,0
320,4,0,0,4,4,0,0,0,True,False,0
321,4,0,0,4,4,0,0,0,True,False,0
322,6,0,0,6,6,0,0,0,True,False,0
323,4,0,0,4,4,0,0,0,True,False,0
324,4,0,0,4,4,0,0,0,True,False,0
325,4,0,0,4,4,0,0,0,True,False,0
326,12,0,0,12,12,0,0,0,True,False,0
327,6,0,0,6,6,0,0,0,True,False,0
328,12,0,0,12,12,0,0,0,True,False,0
329,8,0,0,8,8,0,0,0,True,False,0
330,4,0,0,4,4,0,0,0,True,False,0
331,11,0,0,11,11,0,0,0,True,False,0
332,7,0,0,7,7,0,0,0,True,False,0
333,4,0,0,4,4,0,0,0,True,False,0
334,11,0,0,11,11,0,0,0,True,False,0
335,17,0,0,17,17,0,0,0,True,False,0
336,11,0,0,11,11,0,0,0,True,False,0
337,11,0,0,11,11,0,0,0,True,False,0
338,10,0,0,10,10,0,0,0,True,False,0
339,10,0,0,10,10,0,0,0,True,False,0
340,10,0,0,10,10,0,0,0,True,False,0
341,11,0,0,11,11,0,0,0,True,False,0
342,11,0,0,11,11,0,0,0,True,False,0
343,9,0,0,9,9,0,0,0,True,False,0
344,9,0,0,9,9,0,0,0,True,False,0
345,8,8,8,8,8,0,0,0,True,False,0
346,5,0,0,5,5,0,0,0,True,False,0
347,7,0,0,7,7,0,0,0,True,False,0
348,10,0,0,10,10,0,0,0,True,False,0
349,121,121,121,121,121,0,0,0,True,False,0
350,1215,0,0,1215,1215,0,0,0,True,False,0
351,95,0,0,95,95,0,0,0,True,False,0
352,49,0,0,49,49,0,0,0,True,False,0
353,75,0,0,75,75,0,0,0,True,False,0
354,11,0,0,11,11,0,0,0,True,False,0
355,7,0,0,7,7,0,0,0,True,False,0
356,9,0,0,9,9,0,0,0,True,False,0
357,8,0,0,8,8,0,0,0,True,False,0
358,8,0,0,8,8,0,0,0,True,False,0
359,7,0,0,7,7,0,0,0,True,False,0
360,7,0,0,7,7,0,0,0,True,False,0
361,7,0,0,7,7,0,0,0,True,False,0
362,8,0,0,8,8,0,0,0,True,False,0
363,7,0,0,7,7,0,0,0,True,False,0
364,8,0,0,8,8,0,0,0,True,False,0
365,7,0,0,7,7,0,0,0,True,False,0
366,7,0,0,7,7,0,0,0,True,False,0
367,7,0,0,7,7,0,0,0,True,False,0
368,7,0,0,7,7,0,0,0,True,False,0
369,6,0,0,6,6,0,0,0,True,False,0
370,7,0,0,7,7,0,0,0,True,False,0
371,8,0,0,8,8,0,0,0,True,False,0
372,6,0,0,6,6,0,0,0,True,False,0
373,8,0,0,8,8,0,0,0,True,False,0
374,7,0,0,7,7,0,0,0,True,False,0
375,14,0,0,14,14,0,0,0,True,False,0
376,12,0,0,12,12,0,0,0,True,False,0
377,16,0,0,16,16,0,0,0,True,False,0
378,15,0,0,15,15,0,0,0,True,False,0
379,13,0,0,13,13,0,0,0,True,False,0
380,12,0,0,12,12,0,0,0,True,False,0
381,13,0,0,13,13,0,0,0,True,False,0
382,12,0,0,12,12,0,0,0,True,False,0
383,4,0,0,4,4,0,0,0,True,False,0
384,4,0,0,4,4,0,0,0,True,False,0
385,6,0,0,6,6,0,0,0,True,False,0
386,4,0,0,4,4,0,0,0,True,False,0
387,4,0,0,4,4,0,0,0,True,False,0
388,4,0,0,4,4,0,0,0,True,False,0
389,12,0,0,12,12,0,0,0,True,False,0
390,6,0,0,6,6,0,0,0,True,False,0
391,15,0,0,15,15,0,0,0,True,False,0
392,6,0,0,6,6,0,0,0,True,False,0
393,9,0,0,9,9,0,0,0,True,False,0
394,11,0,0,11,11,0,0,0,True,False,0
395,5,0,0,5,5,0,0,0,True,False,0
396,13,0,0,13,13,0,0,0,True,False,0
397,14,0,0,14,14,0,0,0,True,False,0
398,4,0,0,4,4,0,0,0,True,False,0
399,8,0,0,8,8,0,0,0,True,False,0
400,11,0,0,11,11,0,0,0,True,False,0
401,11,0,0,11,11,0,0,0,True,False,0
402,11,0,0,11,11,0,0,0,True,False,0
403,12,0,0,12,12,0,0,0,True,False,0
404,11,0,0,11,11,0,0,0,True,False,0
405,9,0,0,9,9,0,0,0,True,False,0
406,10,0,0,10,10,0,0,0,True,False,0
407,7,0,0,7,7,0,0,0,True,False,0
408,7,7,7,7,7,0,0,0,True,False,0
409,5,0,0,5,5,0,0,0,True,False,0
410,10,0,0,10,10,0,0,0,True,False,0
411,8,0,0,8,8,0,0,0,True,False,0
412,122,122,122,122,122,0,0,0,True,False,0
413,1181,0,0,1181,1181,0,0,0,True,False,0
414,93,0,0,93,93,0,0,0,True,False,0
415,44,0,0,44,44,0,0,0,True,False,0
416,73,0,0,73,73,0,0,0,True,False,0
417,9,0,0,9,9,0,0,0,True,False,0
418,8,0,0,8,8,0,0,0,True,False,0
419,8,0,0,8,8,0,0,0,True,False,0
420,7,0,0,7,7,0,0,0,True,False,0
421,8,0,0,8,8,0,0,0,True,False,0
422,8,0,0,8,8,0,0,0,True,False,0
423,7,0,0,7,7,0,0,0,True,False,0
424,7,0,0,7,7,0,0,0,True,False,0
425,9,0,0,9,9,0,0,0,True,False,0
426,6,0,0,6,6,0,0,0,True,False,0
427,7,0,0,7,7,0,0,0,True,False,0
428,7,0,0,7,7,0,0,0,True,False,0
429,10,0,0,10,10,0,0,0,True,False,0
430,7,0,0,7,7,0,0,0,True,False,0
431,8,0,0,8,8,0,0,0,True,False,0
432,7,0,0,7,7,0,0,0,True,False,0
433,8,0,0,8,8,0,0,0,True,False,0
434,6,0,0,6,6,0,0,0,True,False,0
435,10,0,0,10,10,0,0,0,True,False,0
436,7,0,0,7,7,0,0,0,True,False,0
437,6,0,0,6,6,0,0,0,True,False,0
438,11,0,0,11,11,0,0,0,True,False,0
439,12,0,0,12,12,0,0,0,True,False,0
440,13,0,0,13,13,0,0,0,True,False,0
441,12,0,0,12,12,0,0,0,True,False,0
442,14,0,0,14,14,0,0,0,True,False,0
443,13,0,0,13,13,0,0,0,True,False,0
444,12,0,0,12,12,0,0,0,True,False,0
445,14,0,0,14,14,0,0,0,True,False,0
446,4,0,0,4,4,0,0,0,True,False,0
447,4,0,0,4,4,0,0,0,True,False,0
448,6,0,0,6,6,0,0,0,True,False,0
449,4,0,0,4,4,0,0,0,True,False,0
450,4,0,0,4,4,0,0,0,True,False,0
451,4,0,0,4,4,0,0,0,True,False,0
452,12,0,0,12,12,0,0,0,True,False,0
453,6,0,0,6,6,0,0,0,True,False,0
454,8,0,0,8,8,0,0,0,True,False,0
455,13,0,0,13,13,0,0,0,True,False,0
456,8,0,0,8,8,0,0,0,True,False,0
457,11,0,0,11,11,0,0,0,True,False,0
458,18,0,0,18,18,0,0,0,True,False,0
459,11,0,0,11,11,0,0,0,True,False,0
460,9,0,0,9,9,0,0,0,True,False,0
461,9,0,0,9,9,0,0,0,True,False,0
462,9,0,0,9,9,0,0,0,True,False,0
463,11,0,0,11,11,0,0,0,True,False,0
464,12,0,0,12,12,0,0,0,True,False,0
465,11,0,0,11,11,0,0,0,True,False,0
466,11,0,0,11,11,0,0,0,True,False,0
467,9,0,0,9,9,0,0,0,True,False,0
468,9,0,0,9,9,0,0,0,True,False,0
469,12,0,0,12,12,0,0,0,True,False,0
470,8,0,0,8,8,0,0,0,True,False,0
471,8,8,8,8,8,0,0,0,True,False,0
472,5,0,0,5,5,0,0,0,True,False,0
473,9,0,0,9,9,0,0,0,True,False,0
474,9,0,0,9,9,0,0,0,True,False,0
475,116,116,116,116,116,0,0,0,True,False,0
476,1201,0,0,1201,1201,2,0,0,True,False,0
477,91,0,0,91,91,0,0,0,True,False,0
478,49,0,0,49,49,0,0,0,True,False,0
479,75,0,0,75,75,0,0,0,True,False,0
480,8,0,0,8,8,0,0,0,True,False,0
481,8,0,0,8,8,0,0,0,True,False,0
482,8,0,0,8,8,0,0,0,True,False,0
483,8,0,0,8,8,0,0,0,True,False,0
484,8,0,0,8,8,0,0,0,True,False,0
485,8,0,0,8,8,0,0,0,True,False,0
486,6,0,0,6,6,0,0,0,True,False,0
487,9,0,0,9,9,0,0,0,True,False,0
488,7,0,0,7,7,0,0,0,True,False,0
489,6,0,0,6,6,0,0,0,True,False,0
490,8,0,0,8,8,0,0,0,True,False,0
491,8,0,0,8,8,0,0,0,True,False,0
492,7,0,0,7,7,0,0,0,True,False,0
493,7,0,0,7,7,0,0,0,True,False,0
494,6,0,0,6,6,0,0,0,True,False,0
495,8,0,0,8,8,0,0,0,True,False,0
496,6,0,0,6,6,0,0,0,True,False,0
497,9,0,0,9,9,0,0,0,True,False,0
498,8,0,0,8,8,0,0,0,True,False,0
499,7,0,0,7,7,0,0,0,True,False,0
500,8,0,0,8,8,0,0,0,True,False,0
501,13,0,0,13,13,0,0,0,True,False,0
502,13,0,0,13,13,0,0,0,True,False,0
503,13,0,0,13,13,0,0,0,True,False,0
504,14,0,0,14,14,0,0,0,True,False,0
505,13,0,0,13,13,0,0,0,True,False,0
506,12,0,0,12,12,0,0,0,True,False,0
507,15,0,0,15,15,0,0,0,True,False,0
508,14,0,0,14,14,0,0,0,True,False,0
509,4,0,0,4,4,0,0,0,True,False,0
510,4,0,0,4,4,0,0,0,True,False,0
511,6,0,0,6,6,0,0,0,True,False,0
512,4,0,0,4,4,0,0,0,True,False,0
513,4,0,0,4,4,0,0,0,True,False,0
514,4,0,0,4,4,0,0,0,True,False,0
515,12,0,0,12,12,0,0,0,True,False,0
516,6,0,0,6,6,0,0,0,True,False,0
517,8,0,0,8,8,0,0,0,True,False,0
518,6,0,0,6,6,0,0,0,True,False,0
519,9,0,0,9,9,0,0,0,True,False,0
520,6,0,0,6,6,0,0,0,True,False,0
521,8,0,0,8,8,0,0,0,True,False,0
522,8,0,0,8,8,0,0,0,True,False,0
523,10,0,0,10,10,0,0,0,True,False,0
524,13,0,0,13,13,0,0,0,True,False,0
525,9,0,0,9,9,0,0,0,True,False,0
526,12,0,0,12,12,0,0,0,True,False,0
527,9,0,0,9,9,0,0,0,True,False,0
528,11,0,0,11,11,0,0,0,True,False,0
529,12,0,0,12,12,0,0,0,True,False,0
530,9,0,0,9,9,0,0,0,True,False,0
531,12,0,0,12,12,0,0,0,True,False,0
532,11,0,0,11,11,0,0,0,True,False,0
533,7,0,0,7,7,0,0,0,True,False,0
534,7,7,7,7,7,0,0,0,True,False,0
535,5,0,0,5,5,0,0,0,True,False,0
536,8,0,0,8,8,0,0,0,True,False,0
537,8,0,0,8,8,0,0,0,True,False,0
538,124,124,124,124,124,0,0,0,True,False,0
539,1183,0,0,1183,1183,0,0,0,True,False,0
540,92,0,0,92,92,0,0,0,True,False,0
541,51,0,0,51,51,0,0,0,True,False,0
542,77,0,0,77,77,0,0,0,True,False,0
543,8,0,0,8,8,0,0,0,True,False,0
544,9,0,0,9,9,0,0,0,True,False,0
545,9,0,0,9,9,0,0,0,True,False,0
546,8,0,0,8,8,0,0,0,True,False,0
547,9,0,0,9,9,0,0,0,True,False,0
548,6,0,0,6,6,0,0,0,True,False,0
549,8,0,0,8,8,0,0,0,True,False,0
550,8,0,0,8,8,0,0,0,True,False,0
551,7,0,0,7,7,0,0,0,True,False,0
552,7,0,0,7,7,0,0,0,True,False,0
553,7,0,0,7,7,0,0,0,True,False,0
554,7,0,0,7,7,0,0,0,True,False,0
555,7,0,0,7,7,0,0,0,True,False,0
556,6,0,0,6,6,0,0,0,True,False,0
557,9,0,0,9,9,0,0,0,True,False,0
558,8,0,0,8,8,0,0,0,True,False,0
559,7,0,0,7,7,0,0,0,True,False,0
560,6,0,0,6,6,0,0,0,True,False,0
561,7,0,0,7,7,0,0,0,True,False,0
562,7,0,0,7,7,0,0,0,True,False,0
563,7,0,0,7,7,0,0,0,True,False,0
564,14,0,0,14,14,0,0,0,True,False,0
565,15,0,0,15,15,0,0,0,True,False,0
566,11,0,0,11,11,0,0,0,True,False,0
567,14,0,0,14,14,0,0,0,True,False,0
568,14,0,0,14,14,0,0,0,True,False,0
569,12,0,0,12,12,0,0,0,True,False,0
570,13,0,0,13,13,0,0,0,True,False,0
571,12,0,0,12,12,0,0,0,True,False,0
572,4,0,0,4,4,0,0,0,True,False,0
573,4,0,0,4,4,0,0,0,True,False,0
574,5,0,0,5,5,0,0,0,True,False,0
575,4,0,0,4,4,0,0,0,True,False,0
576,4,0,0,4,4,0,0,0,True,False,0
577,4,0,0,4,4,0,0,0,True,False,0
578,12,0,0,12,12,0,0,0,True,False,0
579,6,0,0,6,6,0,0,0,True,False,0
580,7,0,0,7,7,0,0,0,True,False,0
581,17,0,0,17,17,0,0,0,True,False,0
582,9,0,0,9,9,0,0,0,True,False,0
583,14,0,0,14,14,0,0,0,True,False,0
584,15,0,0,15,15,0,0,0,True,False,0
585,8,0,0,8,8,0,0,0,True,False,0
586,7,0,0,7,7,0,0,0,True,False,0
587,10,0,0,10,10,0,0,0,True,False,0
588,1,0,0,1,1,0,0,0,True,True,0
589,1,0,0,1,1,0,0,0,True,True,0
590,1,0,0,1,1,0,0,0,True,True,0
591,1,0,0,1,1,0,0,0,True,True,0
592,1,0,0,1,1,0,0,0,True,True,0
593,1,0,0,1,1,0,0,0,True,True,0
594,14,0,0,14,14,0,0,0,True,False,0
595,9,0,0,9,9,0,0,0,True,False,0
596,12,0,0,12,12,0,0,0,True,False,0
597,9,0,0,9,9,0,0,0,True,False,0
598,9,0,0,9,9,0,0,0,True,False,0
599,11,0,0,11,11,0,0,0,True,False,0
600,11,0,0,11,11,0,0,0,True,False,0
601,11,0,0,11,11,0,0,0,True,False,0
602,10,0,0,10,10,0,0,0,True,False,0
603,8,8,8,8,8,0,0,0,True,False,0
604,5,0,0,5,5,0,0,0,True,False,0
605,7,0,0,7,7,0,0,0,True,False,0
606,9,0,0,9,9,0,0,0,True,False,0
607,122,122,122,122,122,0,0,0,True,False,0
608,1190,0,0,1190,1190,0,0,0,True,False,0
609,93,0,0,93,93,0,0,0,True,False,0
610,52,0,0,52,52,0,0,0,True,False,0
611,72,0,0,72,72,0,0,0,True,False,0
612,9,0,0,9,9,0,0,0,True,False,0
613,10,0,0,10,10,0,0,0,True,False,0
614,8,0,0,8,8,0,0,0,True,False,0
615,8,0,0,8,8,0,0,0,True,False,0
616,8,0,0,8,8,0,0,0,True,False,0
617,7,0,0,7,7,0,0,0,True,False,0
618,6,0,0,6,6,0,0,0,True,False,0
619,6,0,0,6,6,0,0,0,True,False,0
620,8,0,0,8,8,0,0,0,True,False,0
621,7,0,0,7,7,0,0,0,True,False,0
622,8,0,0,8,8,0,0,0,True,False,0
623,6,0,0,6,6,0,0,0,True,False,0
624,8,0,0,8,8,0,0,0,True,False,0
625,9,0,0,9,9,0,0,0,True,False,0
626,6,0,0,6,6,0,0,0,True,False,0
627,8,0,0,8,8,0,0,0,True,False,0
628,6,0,0,6,6,0,0,0,True,False,0
629,6,0,0,6,6,0,0,0,True,False,0
630,6,0,0,6,6,0,0,0,True,False,0
631,6,0,0,6,6,0,0,0,True,False,0
632,7,0,0,7,7,0,0,0,True,False,0
633,16,0,0,16,16,0,0,0,True,False,0
634,11,0,0,11,11,0,0,0,True,False,0
635,14,0,0,14,14,0,0,0,True,False,0
636,13,0,0,13,13,0,0,0,True,False,0
637,15,0,0,15,15,0,0,0,True,False,0
638,13,0,0,13,13,0,0,0,True,False,0
639,12,0,0,12,12,0,0,0,True,False,0
640,14,0,0,14,14,0,0,0,True,False,0
641,4,0,0,4,4,0,0,0,True,False,0
642,4,0,0,4,4,0,0,0,True,False,0
643,6,0,0,6,6,0,0,0,True,False,0
644,4,0,0,4,4,0,0,0,True,False,0
645,3,0,0,3,3,0,0,0,True,False,0
646,4,0,0,4,4,0,0,0,True,False,0
647,12,0,0,12,12,0,0,0,True,False,0
648,6,0,0,6,6,0,0,0,True,False,0
649,7,0,0,7,7,0,0,0,True,False,0
650,10,0,0,10,10,0,0,0,True,False,0
651,7,0,0,7,7,0,0,0,True,False,0
652,15,0,0,15,15,0,0,0,True,False,0
653,9,0,0,9,9,0,0,0,True,False,0
654,8,0,0,8,8,0,0,0,True,False,0
655,7,0,0,7,7,0,0,0,True,False,0
656,13,0,0,13,13,0,0,0,True,False,0
657,6,0,0,6,6,0,0,0,True,False,0
658,4,0,0,4,4,0,0,0,True,False,0
659,4,0,0,4,4,0,0,0,True,False,0
660,7,0,0,7,7,0,0,0,True,False,0
661,4,0,0,4,4,0,0,0,True,False,0
662,7,0,0,7,7,0,0,0,True,False,0
663,5,0,0,5,5,0,0,0,True,False,0
664,5,0,0,5,5,0,0,0,True,False,0
665,4,0,0,4,4,0,0,0,True,False,0
666,4,4,4,4,4,0,0,0,True,False,0
667,3,0,0,3,3,0,0,0,True,False,0
668,4,0,0,4,4,0,0,0,True,False,0
669,4,0,0,4,4,0,0,0,True,False,0
670,60,60,60,60,60,0,0,0,True,False,0
671,580,0,0,580,580,0,0,0,True,False,0
672,42,0,0,42,42,0,0,0,True,False,0
673,22,0,0,22,22,0,0,0,True,False,0
674,34,0,0,34,34,0,0,0,True,False,0
675,4,0,0,4,4,0,0,0,True,False,0
676,4,0,0,4,4,0,0,0,True,False,0
677,4,0,0,4,4,0,0,0,True,False,0
678,4,0,0,4,4,0,0,0,True,False,0
679,4,0,0,4,4,0,0,0,True,False,0
680,5,0,0,5,5,0,0,0,True,False,0
681,5,0,0,5,5,0,0,0,True,False,0
682,4,0,0,4,4,0,0,0,True,False,0
683,4,0,0,4,4,0,0,0,True,False,0
684,4,0,0,4,4,0,0,0,True,False,0
685,4,0,0,4,4,0,0,0,True,False,0
686,5,0,0,5,5,0,0,0,True,False,0
687,3,0,0,3,3,0,0,0,True,False,0
688,3,0,0,3,3,0,0,0,True,False,0
689,4,0,0,4,4,0,0,0,True,False,0
690,3,0,0,3,3,0,0,0,True,False,0
691,4,0,0,4,4,0,0,0,True,False,0
692,2,0,0,2,2,0,0,0,True,True,0
693,4,0,0,4,4,0,0,0,True,False,0
694,3,0,0,3,3,0,0,0,True,False,0
695,3,0,0,3,3,0,0,0,True,False,0
696,6,0,0,6,6,0,0,0,True,False,0
697,7,0,0,7,7,0,0,0,True,False,0
698,5,0,0,5,5,0,0,0,True,False,0
699,6,0,0,6,6,0,0,0,True,False,0
700,6,0,0,6,6,0,0,0,True,False,0
701,6,0,0,6,6,0,0,0,True,False,0
702,7,0,0,7,7,0,0,0,True,False,0
703,8,0,0,8,8,0,0,0,True,False,0
704,1,0,0,1,1,0,0,0,True,True,0
705,1,0,0,1,1,0,0,0,True,True,0
706,3,0,0,3,3,0,0,0,True,False,0
707,2,0,0,2,2,0,0,0,True,True,0
708,2,0,0,2,2,0,0,0,True,True,0
709,1,0,0,1,1,0,0,0,True,True,0
710,6,0,0,6,6,0,0,0,True,False,0
711,3,0,0,3,3,0,0,0,True,False,0
712,13,0,0,13,13,0,0,0,True,False,0
713,5,0,0,5,5,0,0,0,True,False,0
714,5,0,0,5,5,0,0,0,True,False,0
715,6,0,0,6,6,0,0,0,True,False,0
716,7,0,0,7,7,0,0,0,True,False,0
717,10,0,0,10,10,0,0,0,True,False,0
718,7,0,0,7,7,0,0,0,True,False,0
719,2,0,0,2,2,0,0,0,True,True,0
720,1,0,0,1,1,0,0,0,True,True,0
721,1,0,0,1,1,0,0,0,True,True,0
